--
-- PostgreSQL database dump
--

-- Dumped from database version 9.2.4
-- Dumped by pg_dump version 9.2.4
-- Started on 2019-07-24 23:23:11

SET statement_timeout = 0;
SET client_encoding = 'UTF8';
SET standard_conforming_strings = on;
SET check_function_bodies = false;
SET client_min_messages = warning;

SET search_path = public, pg_catalog;

--
-- TOC entry 2448 (class 0 OID 17034)
-- Dependencies: 208
-- Data for Name: nomenclador_tipomodulo; Type: TABLE DATA; Schema: public; Owner: cerodatax
--

INSERT INTO nomenclador_tipomodulo (id, nombre, orden, activo, codigo, descripcion, date_created, date_updated, created_from_ip, updated_from_ip) VALUES ('ee3caef1-49a7-5447-9552-008a56501ce7', 'Nomencladores', '1', 0, NULL, 'Se utiliza para gestionar todos los nomencladores del sistema.', '2018-10-21 00:25:09', '2018-10-21 00:25:09', '127.0.0.1', '127.0.0.1');
INSERT INTO nomenclador_tipomodulo (id, nombre, orden, activo, codigo, descripcion, date_created, date_updated, created_from_ip, updated_from_ip) VALUES ('21327d3a-c77d-56c7-9971-0121f3ed5768', 'Administración', '0', 1, 'ddd', 'Se utiliza para la administración de los módulos principales del marco de trabajo.', '2018-10-21 00:25:09', '2019-05-11 14:48:32', '127.0.0.1', '::1');
INSERT INTO nomenclador_tipomodulo (id, nombre, orden, activo, codigo, descripcion, date_created, date_updated, created_from_ip, updated_from_ip) VALUES ('1c131eee-facc-5895-abbb-cc456207358c', 'RH', '5', 0, NULL, 'Recursos Humano', '2019-07-09 21:34:07', '2019-07-13 16:30:26', '127.0.0.1', '127.0.0.1');
INSERT INTO nomenclador_tipomodulo (id, nombre, orden, activo, codigo, descripcion, date_created, date_updated, created_from_ip, updated_from_ip) VALUES ('0da7f0f9-05c6-5a01-a254-6d043f4873b1', 'Nomenclador(CRM)', '2', 0, NULL, 'Para CRM', '2019-07-13 16:31:01', '2019-07-13 16:31:01', '127.0.0.1', '127.0.0.1');
INSERT INTO nomenclador_tipomodulo (id, nombre, orden, activo, codigo, descripcion, date_created, date_updated, created_from_ip, updated_from_ip) VALUES ('5dd4a371-c55f-5d02-944f-f0538ee43708', 'Nomenclador(RH)', '3', 0, NULL, 'Para RH', '2019-07-13 16:31:26', '2019-07-13 16:31:26', '127.0.0.1', '127.0.0.1');
INSERT INTO nomenclador_tipomodulo (id, nombre, orden, activo, codigo, descripcion, date_created, date_updated, created_from_ip, updated_from_ip) VALUES ('fd35b898-efd3-5ed0-9b6e-2cf525fc1692', 'CRM', '7', 0, NULL, 'Se utiliza para la gestionar los contactos', '2018-10-21 00:25:09', '2019-07-15 21:52:45', '127.0.0.1', '127.0.0.1');
INSERT INTO nomenclador_tipomodulo (id, nombre, orden, activo, codigo, descripcion, date_created, date_updated, created_from_ip, updated_from_ip) VALUES ('feb8d576-badd-5099-a09f-bdac962aaa47', 'Configuración', '8', 0, NULL, 'Se utiliza para gestionar la configuración y personalización del sistema.', '2018-10-21 00:25:09', '2019-07-15 21:55:46', '127.0.0.1', '127.0.0.1');
INSERT INTO nomenclador_tipomodulo (id, nombre, orden, activo, codigo, descripcion, date_created, date_updated, created_from_ip, updated_from_ip) VALUES ('d226a0ae-971c-57d3-add6-669dee5e1eab', 'Nomenclador(CONT)', '4', 0, NULL, 'Contabilidad', '2019-07-15 21:56:24', '2019-07-15 21:56:37', '127.0.0.1', '127.0.0.1');


--
-- TOC entry 2449 (class 0 OID 17047)
-- Dependencies: 209
-- Data for Name: configuracion_modulo; Type: TABLE DATA; Schema: public; Owner: cerodatax
--

INSERT INTO configuracion_modulo (id, nombre, descripcion, icono_id, orden, tipo_modulo_id, activo, date_created, date_updated, created_from_ip, updated_from_ip) VALUES ('8b4b13b3-7004-5afc-ba9f-3ce13e002a83', 'Generales', 'Este módulo tiene las funciones principales del sistema.', NULL, '0', '21327d3a-c77d-56c7-9971-0121f3ed5768', 1, '2018-10-21 00:25:09', '2018-10-21 00:25:09', '127.0.0.1', '127.0.0.1');
INSERT INTO configuracion_modulo (id, nombre, descripcion, icono_id, orden, tipo_modulo_id, activo, date_created, date_updated, created_from_ip, updated_from_ip) VALUES ('03a87e66-9b7e-53c8-966d-8890f108a788', 'Generales', 'En este Módulo se encuentran los nomencladores que se utilizan en todo el sistema sin distinción de Módulo.', NULL, '0', 'ee3caef1-49a7-5447-9552-008a56501ce7', 1, '2018-10-21 00:25:09', '2018-10-21 00:25:09', '127.0.0.1', '127.0.0.1');
INSERT INTO configuracion_modulo (id, nombre, descripcion, icono_id, orden, tipo_modulo_id, activo, date_created, date_updated, created_from_ip, updated_from_ip) VALUES ('aa5c9ec6-98e0-5a1c-bb59-dd8e6601027d', 'Entidad', 'Gestionar las características principales de las entidades.', NULL, '1', 'ee3caef1-49a7-5447-9552-008a56501ce7', 1, '2018-10-21 00:25:09', '2018-10-21 00:25:09', '127.0.0.1', '127.0.0.1');
INSERT INTO configuracion_modulo (id, nombre, descripcion, icono_id, orden, tipo_modulo_id, activo, date_created, date_updated, created_from_ip, updated_from_ip) VALUES ('fbbe5ab2-2d54-5270-9e8f-03c5bcf6f8b4', 'Persona', 'Gestionar las características principales de las personas.', NULL, '2', 'ee3caef1-49a7-5447-9552-008a56501ce7', 1, '2018-10-21 00:25:09', '2018-10-21 00:25:09', '127.0.0.1', '127.0.0.1');
INSERT INTO configuracion_modulo (id, nombre, descripcion, icono_id, orden, tipo_modulo_id, activo, date_created, date_updated, created_from_ip, updated_from_ip) VALUES ('aaca934f-616c-54ff-8de0-9155551beb35', 'Cargo', 'Gestionar las características principales del cargo de las persona.', NULL, '3', 'ee3caef1-49a7-5447-9552-008a56501ce7', 1, '2018-10-21 00:25:09', '2018-10-21 00:25:09', '127.0.0.1', '127.0.0.1');
INSERT INTO configuracion_modulo (id, nombre, descripcion, icono_id, orden, tipo_modulo_id, activo, date_created, date_updated, created_from_ip, updated_from_ip) VALUES ('ca51320c-0125-55ca-8e53-b6d023702ce7', 'Módulo', 'Gestionar las características principales de los módulos del sistema.', NULL, '4', 'ee3caef1-49a7-5447-9552-008a56501ce7', 1, '2018-10-21 00:25:09', '2018-10-21 00:25:09', '127.0.0.1', '127.0.0.1');
INSERT INTO configuracion_modulo (id, nombre, descripcion, icono_id, orden, tipo_modulo_id, activo, date_created, date_updated, created_from_ip, updated_from_ip) VALUES ('42cfbdb9-2c5f-568b-a5ad-5f132b04f801', 'Generales', 'Muestra la configuración general del sistema.', NULL, '0', 'feb8d576-badd-5099-a09f-bdac962aaa47', 1, '2018-10-21 00:25:09', '2018-10-21 00:25:09', '127.0.0.1', '127.0.0.1');
INSERT INTO configuracion_modulo (id, nombre, descripcion, icono_id, orden, tipo_modulo_id, activo, date_created, date_updated, created_from_ip, updated_from_ip) VALUES ('48175350-83a6-5df9-a6e0-cdf5c5a0fcf7', 'Almacen', 'Gestionar los Almacenes', NULL, '1', '0da7f0f9-05c6-5a01-a254-6d043f4873b1', 1, '2019-05-22 03:49:15', '2019-07-13 16:34:37', '::1', '127.0.0.1');
INSERT INTO configuracion_modulo (id, nombre, descripcion, icono_id, orden, tipo_modulo_id, activo, date_created, date_updated, created_from_ip, updated_from_ip) VALUES ('0d6769ee-3049-565a-95b9-306a184a642f', 'Producto y Servicio', 'Gestión de los Producto y Servicio', NULL, '2', '0da7f0f9-05c6-5a01-a254-6d043f4873b1', 1, '2019-05-18 17:30:06', '2019-07-13 16:34:55', '::1', '127.0.0.1');
INSERT INTO configuracion_modulo (id, nombre, descripcion, icono_id, orden, tipo_modulo_id, activo, date_created, date_updated, created_from_ip, updated_from_ip) VALUES ('8cb7c879-1ef6-5e2b-a14a-4cf4847cd321', 'Generales(CRM)', ' las ventas y compras.', NULL, '0', 'fd35b898-efd3-5ed0-9b6e-2cf525fc1692', 1, '2018-10-21 00:25:09', '2019-07-13 16:35:48', '127.0.0.1', '127.0.0.1');
INSERT INTO configuracion_modulo (id, nombre, descripcion, icono_id, orden, tipo_modulo_id, activo, date_created, date_updated, created_from_ip, updated_from_ip) VALUES ('d6662771-ed88-5aaf-b986-bf655ae8493a', 'Generales(RH)', 'RH', NULL, '0', '1c131eee-facc-5895-abbb-cc456207358c', 1, '2019-07-09 22:01:35', '2019-07-13 16:36:06', '127.0.0.1', '127.0.0.1');
INSERT INTO configuracion_modulo (id, nombre, descripcion, icono_id, orden, tipo_modulo_id, activo, date_created, date_updated, created_from_ip, updated_from_ip) VALUES ('4726b526-cbca-5fad-87aa-5c4fe0f08bb3', 'CRM', 'Gestiona los nomencladores de los menú Contactos, Venta y Compra.', NULL, '5', '0da7f0f9-05c6-5a01-a254-6d043f4873b1', 1, '2018-11-03 00:41:54', '2019-07-13 16:36:33', '::1', '127.0.0.1');
INSERT INTO configuracion_modulo (id, nombre, descripcion, icono_id, orden, tipo_modulo_id, activo, date_created, date_updated, created_from_ip, updated_from_ip) VALUES ('92e7fd11-17ba-548f-9852-4a5355422a34', 'RH', 'RH', NULL, '8', '5dd4a371-c55f-5d02-944f-f0538ee43708', 1, '2019-07-10 19:53:52', '2019-07-13 16:36:42', '127.0.0.1', '127.0.0.1');
INSERT INTO configuracion_modulo (id, nombre, descripcion, icono_id, orden, tipo_modulo_id, activo, date_created, date_updated, created_from_ip, updated_from_ip) VALUES ('3872366d-3092-56df-b34f-b8b8a0f1fe8f', 'Contabilidad', 'Contabilidad', NULL, '0', 'd226a0ae-971c-57d3-add6-669dee5e1eab', 1, '2019-07-15 22:01:54', '2019-07-15 22:01:54', '127.0.0.1', '127.0.0.1');


--
-- TOC entry 2450 (class 0 OID 17068)
-- Dependencies: 210
-- Data for Name: configuracion_menu; Type: TABLE DATA; Schema: public; Owner: cerodatax
--

INSERT INTO configuracion_menu (id, nombre, descripcion, icono_id, orden, modulo_id, id_menu, color, tabpanel, escritorio, activo, date_created, date_updated, created_from_ip, updated_from_ip) VALUES ('6406eff1-72f2-51ca-a2e4-a54166a15fbf', 'Escritorio', 'Para mostrar los accesos directos a los Módulos principales.', NULL, '4', '8b4b13b3-7004-5afc-ba9f-3ce13e002a83', 'Escritorio', NULL, 0, 0, 1, '2018-10-21 00:25:09', '2018-10-21 00:25:09', '127.0.0.1', '127.0.0.1');
INSERT INTO configuracion_menu (id, nombre, descripcion, icono_id, orden, modulo_id, id_menu, color, tabpanel, escritorio, activo, date_created, date_updated, created_from_ip, updated_from_ip) VALUES ('efebe7b0-778f-50cd-8572-e54760dea7c2', 'Continentes', 'El menú Continentes se visualiza todos los continentes del mundo.', NULL, '0', '03a87e66-9b7e-53c8-966d-8890f108a788', 'Continente', NULL, 0, 0, 1, '2018-10-21 00:25:09', '2018-10-21 00:25:09', '127.0.0.1', '127.0.0.1');
INSERT INTO configuracion_menu (id, nombre, descripcion, icono_id, orden, modulo_id, id_menu, color, tabpanel, escritorio, activo, date_created, date_updated, created_from_ip, updated_from_ip) VALUES ('1b2b1259-e852-5f78-95d6-c241931a55ca', 'Países', 'El menú Países se visualiza todos los países del mundo.', NULL, '1', '03a87e66-9b7e-53c8-966d-8890f108a788', 'Pais', NULL, 0, 0, 1, '2018-10-21 00:25:09', '2018-10-21 00:25:09', '127.0.0.1', '127.0.0.1');
INSERT INTO configuracion_menu (id, nombre, descripcion, icono_id, orden, modulo_id, id_menu, color, tabpanel, escritorio, activo, date_created, date_updated, created_from_ip, updated_from_ip) VALUES ('90a27154-118a-5c08-8642-a7b858d8b693', 'Provincias', 'El menú Provincias se visualiza todas las provincias principales de los países.', NULL, '2', '03a87e66-9b7e-53c8-966d-8890f108a788', 'Provincia', NULL, 0, 0, 1, '2018-10-21 00:25:09', '2018-10-21 00:25:09', '127.0.0.1', '127.0.0.1');
INSERT INTO configuracion_menu (id, nombre, descripcion, icono_id, orden, modulo_id, id_menu, color, tabpanel, escritorio, activo, date_created, date_updated, created_from_ip, updated_from_ip) VALUES ('28344c82-75e2-5fb5-a043-2a191e675abd', 'Municipios', 'El menú Municipios se visualiza los municipios de las provincias.', NULL, '3', '03a87e66-9b7e-53c8-966d-8890f108a788', 'Municipio', NULL, 0, 0, 1, '2018-10-21 00:25:09', '2018-10-21 00:25:09', '127.0.0.1', '127.0.0.1');
INSERT INTO configuracion_menu (id, nombre, descripcion, icono_id, orden, modulo_id, id_menu, color, tabpanel, escritorio, activo, date_created, date_updated, created_from_ip, updated_from_ip) VALUES ('43d8db1a-0445-5d8e-8ffb-a39ba7cde605', 'Monedas', 'El menú Monedas se visualiza las monedas principales de los países.', NULL, '4', '03a87e66-9b7e-53c8-966d-8890f108a788', 'Moneda', NULL, 0, 0, 1, '2018-10-21 00:25:09', '2018-10-21 00:25:09', '127.0.0.1', '127.0.0.1');
INSERT INTO configuracion_menu (id, nombre, descripcion, icono_id, orden, modulo_id, id_menu, color, tabpanel, escritorio, activo, date_created, date_updated, created_from_ip, updated_from_ip) VALUES ('b867fcb5-65d6-55ac-8103-38aa0f530d83', 'Organismos', 'El menú Organismos se visualizan los organismos principales de las entidades.', NULL, '5', 'aa5c9ec6-98e0-5a1c-bb59-dd8e6601027d', 'Organismo', NULL, 0, 0, 1, '2018-10-21 00:25:09', '2018-10-21 00:25:09', '127.0.0.1', '127.0.0.1');
INSERT INTO configuracion_menu (id, nombre, descripcion, icono_id, orden, modulo_id, id_menu, color, tabpanel, escritorio, activo, date_created, date_updated, created_from_ip, updated_from_ip) VALUES ('32a97b6e-b4f8-5f6f-850c-4c181b5c4101', 'Clasificación', 'El menú Clasificación se visualiza las clasificaciones principales de las entidades.', NULL, '6', 'aa5c9ec6-98e0-5a1c-bb59-dd8e6601027d', 'Clasificacion', NULL, 0, 0, 1, '2018-10-21 00:25:09', '2018-10-21 00:25:09', '127.0.0.1', '127.0.0.1');
INSERT INTO configuracion_menu (id, nombre, descripcion, icono_id, orden, modulo_id, id_menu, color, tabpanel, escritorio, activo, date_created, date_updated, created_from_ip, updated_from_ip) VALUES ('b09f430e-0423-59a9-910b-b44ae9f4f3ba', 'Tipo de Registro', 'El menú Tipo de Registro se visualiza los tipos de registros principales de las entidades.', NULL, '7', 'aa5c9ec6-98e0-5a1c-bb59-dd8e6601027d', 'TipoRegistro', NULL, 0, 0, 1, '2018-10-21 00:25:09', '2018-10-21 00:25:09', '127.0.0.1', '127.0.0.1');
INSERT INTO configuracion_menu (id, nombre, descripcion, icono_id, orden, modulo_id, id_menu, color, tabpanel, escritorio, activo, date_created, date_updated, created_from_ip, updated_from_ip) VALUES ('66d45629-7e4b-5483-bef8-4058802cd244', 'Categoría Entidad', 'El menú Categoría se visualiza la categoría de la entidad.', NULL, '8', 'aa5c9ec6-98e0-5a1c-bb59-dd8e6601027d', 'CategoriaEntidad', NULL, 0, 0, 1, '2018-10-21 00:25:09', '2018-10-21 00:25:09', '127.0.0.1', '127.0.0.1');
INSERT INTO configuracion_menu (id, nombre, descripcion, icono_id, orden, modulo_id, id_menu, color, tabpanel, escritorio, activo, date_created, date_updated, created_from_ip, updated_from_ip) VALUES ('240246f1-65e4-518a-91b4-db36362468c7', 'Sección NAE', 'El menú Sección NAE se visualiza las sección de actividad económicas principales de las entidades.', NULL, '9', 'aa5c9ec6-98e0-5a1c-bb59-dd8e6601027d', 'SeccionNAE', NULL, 0, 0, 1, '2018-10-21 00:25:09', '2018-10-21 00:25:09', '127.0.0.1', '127.0.0.1');
INSERT INTO configuracion_menu (id, nombre, descripcion, icono_id, orden, modulo_id, id_menu, color, tabpanel, escritorio, activo, date_created, date_updated, created_from_ip, updated_from_ip) VALUES ('17c47eda-97f8-5cc5-b3ab-0a3a749de1e3', 'División NAE', 'El menú División NAE se visualiza las divisiones de actividad económica principales de las entidades.', NULL, '10', 'aa5c9ec6-98e0-5a1c-bb59-dd8e6601027d', 'DivisionNAE', NULL, 0, 0, 1, '2018-10-21 00:25:09', '2018-10-21 00:25:09', '127.0.0.1', '127.0.0.1');
INSERT INTO configuracion_menu (id, nombre, descripcion, icono_id, orden, modulo_id, id_menu, color, tabpanel, escritorio, activo, date_created, date_updated, created_from_ip, updated_from_ip) VALUES ('4d1d0f1b-109d-5cba-934c-1ccf169fa0cc', 'NAE', 'El menú Sección NAE se visualiza el nivel de actividad económica de las entidades.', NULL, '11', 'aa5c9ec6-98e0-5a1c-bb59-dd8e6601027d', 'NAE', NULL, 0, 0, 1, '2018-10-21 00:25:09', '2018-10-21 00:25:09', '127.0.0.1', '127.0.0.1');
INSERT INTO configuracion_menu (id, nombre, descripcion, icono_id, orden, modulo_id, id_menu, color, tabpanel, escritorio, activo, date_created, date_updated, created_from_ip, updated_from_ip) VALUES ('228c82fa-b476-5979-86d5-c32e10d5bf9d', 'Tipo de Entidad', 'El menú Tipo de Entidad se visualiza el tipo de entidad.', NULL, '12', 'aa5c9ec6-98e0-5a1c-bb59-dd8e6601027d', 'TipoEntidad', NULL, 0, 0, 1, '2018-10-21 00:25:09', '2018-10-21 00:25:09', '127.0.0.1', '127.0.0.1');
INSERT INTO configuracion_menu (id, nombre, descripcion, icono_id, orden, modulo_id, id_menu, color, tabpanel, escritorio, activo, date_created, date_updated, created_from_ip, updated_from_ip) VALUES ('ef8ea58d-931d-5711-9140-53b79852be93', 'Unión', 'El menú Unión se visualiza la unión en la cual se encuentra la entidad.', NULL, '13', 'aa5c9ec6-98e0-5a1c-bb59-dd8e6601027d', 'Union', NULL, 0, 0, 1, '2018-10-21 00:25:09', '2018-10-21 00:25:09', '127.0.0.1', '127.0.0.1');
INSERT INTO configuracion_menu (id, nombre, descripcion, icono_id, orden, modulo_id, id_menu, color, tabpanel, escritorio, activo, date_created, date_updated, created_from_ip, updated_from_ip) VALUES ('8fbbd7f1-fdf1-5480-97a2-db318e3c5818', 'Nivel Educacional', 'El menú Nivel Educacional se visualiza los nivel escolar que puede tener una persona.', NULL, '14', 'fbbe5ab2-2d54-5270-9e8f-03c5bcf6f8b4', 'NivelEducacional', NULL, 0, 0, 1, '2018-10-21 00:25:09', '2018-10-21 00:25:09', '127.0.0.1', '127.0.0.1');
INSERT INTO configuracion_menu (id, nombre, descripcion, icono_id, orden, modulo_id, id_menu, color, tabpanel, escritorio, activo, date_created, date_updated, created_from_ip, updated_from_ip) VALUES ('64e54659-3a2c-5035-b31a-8da088251f65', 'Grupo Sanguíneo', 'El menú Grupo Sanguíneo se visualiza el grupo sanguíneo que puede tener una persona.', NULL, '15', 'fbbe5ab2-2d54-5270-9e8f-03c5bcf6f8b4', 'GrupoSanguineo', NULL, 0, 0, 1, '2018-10-21 00:25:09', '2018-10-21 00:25:09', '127.0.0.1', '127.0.0.1');
INSERT INTO configuracion_menu (id, nombre, descripcion, icono_id, orden, modulo_id, id_menu, color, tabpanel, escritorio, activo, date_created, date_updated, created_from_ip, updated_from_ip) VALUES ('710485f0-8ffa-50d1-a78f-2438d7a68053', 'Color de Piel', 'El menú Color de Piel se visualiza el color de piel que puede tener una persona.', NULL, '16', 'fbbe5ab2-2d54-5270-9e8f-03c5bcf6f8b4', 'ColorPiel', NULL, 0, 0, 1, '2018-10-21 00:25:09', '2018-10-21 00:25:09', '127.0.0.1', '127.0.0.1');
INSERT INTO configuracion_menu (id, nombre, descripcion, icono_id, orden, modulo_id, id_menu, color, tabpanel, escritorio, activo, date_created, date_updated, created_from_ip, updated_from_ip) VALUES ('77b60b40-2f3b-52df-8a77-15a23bb71a4f', 'Estado Civil', 'El menú Estado Civil se visualiza los estados civiles de las persona.', NULL, '17', 'fbbe5ab2-2d54-5270-9e8f-03c5bcf6f8b4', 'EstadoCivil', NULL, 0, 0, 1, '2018-10-21 00:25:09', '2018-10-21 00:25:09', '127.0.0.1', '127.0.0.1');
INSERT INTO configuracion_menu (id, nombre, descripcion, icono_id, orden, modulo_id, id_menu, color, tabpanel, escritorio, activo, date_created, date_updated, created_from_ip, updated_from_ip) VALUES ('5d2df8c1-7083-508a-9e95-f5dea0ee9c99', 'Situación de la Defensa', 'El menú Situación de la Defensa se visualiza los estado de la defenza que puede encontrarse una persona.', NULL, '18', 'fbbe5ab2-2d54-5270-9e8f-03c5bcf6f8b4', 'Defensa', NULL, 0, 0, 1, '2018-10-21 00:25:09', '2018-10-21 00:25:09', '127.0.0.1', '127.0.0.1');
INSERT INTO configuracion_menu (id, nombre, descripcion, icono_id, orden, modulo_id, id_menu, color, tabpanel, escritorio, activo, date_created, date_updated, created_from_ip, updated_from_ip) VALUES ('494e53a8-18b2-5043-bf64-9a1734245d70', 'Sexo', 'El menú Sexo se visualiza el sexo de la personas.', NULL, '19', 'fbbe5ab2-2d54-5270-9e8f-03c5bcf6f8b4', 'Sexo', NULL, 0, 0, 1, '2018-10-21 00:25:09', '2018-10-21 00:25:09', '127.0.0.1', '127.0.0.1');
INSERT INTO configuracion_menu (id, nombre, descripcion, icono_id, orden, modulo_id, id_menu, color, tabpanel, escritorio, activo, date_created, date_updated, created_from_ip, updated_from_ip) VALUES ('ad935ece-9c6d-5081-9de2-ea150c18e4bf', 'Grupo Escala', 'El menú Grupo Escala se visualiza los grupos escalas salariales que puede tener de acuerdo al cargo de la persona.', NULL, '20', 'aaca934f-616c-54ff-8de0-9155551beb35', 'GrupoEscala', NULL, 0, 0, 1, '2018-10-21 00:25:09', '2018-10-21 00:25:09', '127.0.0.1', '127.0.0.1');
INSERT INTO configuracion_menu (id, nombre, descripcion, icono_id, orden, modulo_id, id_menu, color, tabpanel, escritorio, activo, date_created, date_updated, created_from_ip, updated_from_ip) VALUES ('af0ecf4a-f049-5f96-991b-fc427a22b98e', 'Calificador', 'El menú Calificador se visualiza los calificadores del cargo de la persona.', NULL, '21', 'aaca934f-616c-54ff-8de0-9155551beb35', 'Calificador', NULL, 0, 0, 1, '2018-10-21 00:25:09', '2018-10-21 00:25:09', '127.0.0.1', '127.0.0.1');
INSERT INTO configuracion_menu (id, nombre, descripcion, icono_id, orden, modulo_id, id_menu, color, tabpanel, escritorio, activo, date_created, date_updated, created_from_ip, updated_from_ip) VALUES ('a34cdf8e-438b-5970-87ef-a634ab4a813d', 'Categoría Cargo', 'El menú Categoría se visualiza las categorías de acuerdo al cargo de la persona.', NULL, '22', 'aaca934f-616c-54ff-8de0-9155551beb35', 'CategoriaCargo', NULL, 0, 0, 1, '2018-10-21 00:25:09', '2018-10-21 00:25:09', '127.0.0.1', '127.0.0.1');
INSERT INTO configuracion_menu (id, nombre, descripcion, icono_id, orden, modulo_id, id_menu, color, tabpanel, escritorio, activo, date_created, date_updated, created_from_ip, updated_from_ip) VALUES ('881905a7-4575-53b4-bf56-714e2c6490fc', 'Tipo de Módulo', 'El menú Tipo de Módulo se visualiza los diferentes módulos que va a tener el sistema.', NULL, '23', 'ca51320c-0125-55ca-8e53-b6d023702ce7', 'TipoModulo', NULL, 0, 0, 1, '2018-10-21 00:25:09', '2018-10-21 00:25:09', '127.0.0.1', '127.0.0.1');
INSERT INTO configuracion_menu (id, nombre, descripcion, icono_id, orden, modulo_id, id_menu, color, tabpanel, escritorio, activo, date_created, date_updated, created_from_ip, updated_from_ip) VALUES ('0e1bc350-db41-5255-9063-d1dd2fed53f1', 'Icono', 'El menú Iconos se visualiza los iconos de los módulos que va a tener el sistema.', NULL, '24', 'ca51320c-0125-55ca-8e53-b6d023702ce7', 'Icono', NULL, 0, 0, 1, '2018-10-21 00:25:09', '2018-10-21 00:25:09', '127.0.0.1', '127.0.0.1');
INSERT INTO configuracion_menu (id, nombre, descripcion, icono_id, orden, modulo_id, id_menu, color, tabpanel, escritorio, activo, date_created, date_updated, created_from_ip, updated_from_ip) VALUES ('71552098-c033-5581-ae74-db08e4004c04', 'Actualizaciones', 'El menú Actualización se utiliza para actualizar las funcionalidades y características del Sistema.', '5e6ac786-6683-53b2-9e78-1f0888b484fb', '3', '8b4b13b3-7004-5afc-ba9f-3ce13e002a83', 'Actualizaciones', 'lightskyblue', 0, 1, 1, '2018-10-21 00:25:09', '2018-11-03 00:38:41', '127.0.0.1', '::1');
INSERT INTO configuracion_menu (id, nombre, descripcion, icono_id, orden, modulo_id, id_menu, color, tabpanel, escritorio, activo, date_created, date_updated, created_from_ip, updated_from_ip) VALUES ('cbc445c3-2a44-5ca9-a04b-1dbdd360ef78', 'Módulos', 'El menú Módulos se visualiza los diferentes módulos que va a tener el sistema y los menú asociados ha estos módulos.', '18127dec-7076-5e3f-b309-c9b4b49471e2', '0', '42cfbdb9-2c5f-568b-a5ad-5f132b04f801', 'Modulo', 'cornflowerblue', 1, 1, 1, '2018-10-21 00:25:09', '2018-10-26 04:39:23', '127.0.0.1', '::1');
INSERT INTO configuracion_menu (id, nombre, descripcion, icono_id, orden, modulo_id, id_menu, color, tabpanel, escritorio, activo, date_created, date_updated, created_from_ip, updated_from_ip) VALUES ('5eef535a-49a0-521f-baa2-b2afb0d84413', 'Seguridad', 'El menú Seguridad gestiona la seguridad del sistema.', 'ca2c66d0-3ebf-5d3e-b125-fa4859306b68', '0', '8b4b13b3-7004-5afc-ba9f-3ce13e002a83', 'Seguridad', 'dodgerblue', 1, 1, 1, '2018-10-21 00:25:09', '2018-10-26 04:41:26', '127.0.0.1', '::1');
INSERT INTO configuracion_menu (id, nombre, descripcion, icono_id, orden, modulo_id, id_menu, color, tabpanel, escritorio, activo, date_created, date_updated, created_from_ip, updated_from_ip) VALUES ('88176fbe-aa72-5ddb-bc71-775fda9ac9e2', 'Estructura', 'El menú Estructura se utiliza para gestionar las entidades y áreas del sistema.', '65b08956-e51a-54ea-a0f1-9a365777664c', '1', '8b4b13b3-7004-5afc-ba9f-3ce13e002a83', 'Estructura', 'darkseagreen', 1, 1, 1, '2018-10-21 00:25:09', '2018-10-26 04:42:48', '127.0.0.1', '::1');
INSERT INTO configuracion_menu (id, nombre, descripcion, icono_id, orden, modulo_id, id_menu, color, tabpanel, escritorio, activo, date_created, date_updated, created_from_ip, updated_from_ip) VALUES ('ab656f58-c421-5dba-84fc-3b34801abe51', 'Licencías', 'Para activar los menú', 'a4348127-5db8-507b-9862-9257092e6e6f', '6', '8b4b13b3-7004-5afc-ba9f-3ce13e002a83', 'Licencia', 'darkseagreen', 0, 1, 1, '2018-11-21 01:37:58', '2018-11-21 01:37:58', '::1', '::1');
INSERT INTO configuracion_menu (id, nombre, descripcion, icono_id, orden, modulo_id, id_menu, color, tabpanel, escritorio, activo, date_created, date_updated, created_from_ip, updated_from_ip) VALUES ('7a33f50c-0236-5906-80c9-7c0dface663d', 'Trazas', 'Registro historico de trazas del sistema', '03f39195-2a97-559b-be36-2b91f1d4e4b6', '6', '8b4b13b3-7004-5afc-ba9f-3ce13e002a83', 'Traza', 'yellowgreen', 0, 1, 1, '2018-11-23 02:19:58', '2018-11-23 02:19:58', '::1', '::1');
INSERT INTO configuracion_menu (id, nombre, descripcion, icono_id, orden, modulo_id, id_menu, color, tabpanel, escritorio, activo, date_created, date_updated, created_from_ip, updated_from_ip) VALUES ('84a59337-a119-5ecd-8d64-ab7b0c3e9a4f', 'Alias', 'Para la gestión de los alias de los tipos de módulod', NULL, '1', 'ca51320c-0125-55ca-8e53-b6d023702ce7', 'Alias', 'black', 0, 0, 1, '2018-11-24 15:53:31', '2018-11-24 15:53:31', '::1', '::1');
INSERT INTO configuracion_menu (id, nombre, descripcion, icono_id, orden, modulo_id, id_menu, color, tabpanel, escritorio, activo, date_created, date_updated, created_from_ip, updated_from_ip) VALUES ('36db4dea-627a-5d10-9643-47dc6b6ab01f', 'Claves RH', 'Claves', NULL, '0', '92e7fd11-17ba-548f-9852-4a5355422a34', 'Claves', 'black', 1, 0, 1, '2019-07-10 19:54:39', '2019-07-10 19:54:39', '127.0.0.1', '127.0.0.1');
INSERT INTO configuracion_menu (id, nombre, descripcion, icono_id, orden, modulo_id, id_menu, color, tabpanel, escritorio, activo, date_created, date_updated, created_from_ip, updated_from_ip) VALUES ('805ed33d-2fb0-5fef-a43d-3bb7cd1e9b22', 'Venta', 'El menú Venta se visualiza las Ventas de los Clientes', '56600bcc-593c-5541-b6be-d638152b38bb', '1', '8cb7c879-1ef6-5e2b-a14a-4cf4847cd321', 'Venta', 'forestgreen', 1, 1, 1, '2018-10-21 00:25:09', '2018-10-26 04:45:50', '127.0.0.1', '::1');
INSERT INTO configuracion_menu (id, nombre, descripcion, icono_id, orden, modulo_id, id_menu, color, tabpanel, escritorio, activo, date_created, date_updated, created_from_ip, updated_from_ip) VALUES ('6cb7405c-d0e2-5950-a889-637fc7c24f19', 'Compra', 'El menú Compra se visualiza las Compras de los Clientes', 'f87f26e3-d8ae-57cf-9b26-d11e83a4b2af', '2', '8cb7c879-1ef6-5e2b-a14a-4cf4847cd321', 'Compra', 'crimson', 1, 1, 1, '2018-10-21 00:25:09', '2018-10-26 04:46:13', '127.0.0.1', '::1');
INSERT INTO configuracion_menu (id, nombre, descripcion, icono_id, orden, modulo_id, id_menu, color, tabpanel, escritorio, activo, date_created, date_updated, created_from_ip, updated_from_ip) VALUES ('a52fea99-84cd-58ae-a283-b14c3a79dea7', 'Categoría', 'Categoría', NULL, '4', '0d6769ee-3049-565a-95b9-306a184a642f', 'Categoria', 'black', 0, 0, 1, '2019-05-18 17:35:30', '2019-05-19 14:56:33', '::1', '::1');
INSERT INTO configuracion_menu (id, nombre, descripcion, icono_id, orden, modulo_id, id_menu, color, tabpanel, escritorio, activo, date_created, date_updated, created_from_ip, updated_from_ip) VALUES ('b4f8b02d-3688-56d3-b418-762711a069a0', 'Persona', 'El menú RRHH se utiliza para gestionar las personas y cargos de las mismas.', '98e9226f-5740-5405-b8a1-d673826112b8', '2', '8b4b13b3-7004-5afc-ba9f-3ce13e002a83', 'RRHH', 'lightsalmon', 1, 1, 1, '2018-10-21 00:25:09', '2019-07-07 17:44:00', '127.0.0.1', '127.0.0.1');
INSERT INTO configuracion_menu (id, nombre, descripcion, icono_id, orden, modulo_id, id_menu, color, tabpanel, escritorio, activo, date_created, date_updated, created_from_ip, updated_from_ip) VALUES ('227ac17d-f83b-5668-81ad-92c0439f6abe', 'Unidad de Medida', 'Unidad de Medida', NULL, '1', '03a87e66-9b7e-53c8-966d-8890f108a788', 'UnidadMedida', 'black', 1, 0, 1, '2019-06-28 03:02:45', '2019-07-08 02:35:12', '127.0.0.1', '127.0.0.1');
INSERT INTO configuracion_menu (id, nombre, descripcion, icono_id, orden, modulo_id, id_menu, color, tabpanel, escritorio, activo, date_created, date_updated, created_from_ip, updated_from_ip) VALUES ('379125ff-bab2-5a95-b4f8-4a620e48c39b', 'Tipo de Clasificación Contable', 'Tipo de Clasificación Contable', NULL, '3', '48175350-83a6-5df9-a6e0-cdf5c5a0fcf7', 'TipoClasificacionContable', 'black', 0, 0, 1, '2019-05-29 01:39:29', '2019-05-29 01:39:29', '::1', '::1');
INSERT INTO configuracion_menu (id, nombre, descripcion, icono_id, orden, modulo_id, id_menu, color, tabpanel, escritorio, activo, date_created, date_updated, created_from_ip, updated_from_ip) VALUES ('f4794283-f8b4-590a-96b3-4fdc8b5a9177', 'Almacen', 'Almacen', NULL, '5', '48175350-83a6-5df9-a6e0-cdf5c5a0fcf7', 'Almacen', 'black', 0, 0, 1, '2019-05-18 17:37:05', '2019-05-22 03:57:01', '::1', '::1');
INSERT INTO configuracion_menu (id, nombre, descripcion, icono_id, orden, modulo_id, id_menu, color, tabpanel, escritorio, activo, date_created, date_updated, created_from_ip, updated_from_ip) VALUES ('29ca3bde-f8d5-5d9c-99cf-36787c971be9', 'Clasificación Contable', 'Clasificación Contable', NULL, '4', '48175350-83a6-5df9-a6e0-cdf5c5a0fcf7', 'ClasificacionContable', 'black', 0, 0, 1, '2019-05-22 03:53:54', '2019-05-29 01:47:17', '::1', '::1');
INSERT INTO configuracion_menu (id, nombre, descripcion, icono_id, orden, modulo_id, id_menu, color, tabpanel, escritorio, activo, date_created, date_updated, created_from_ip, updated_from_ip) VALUES ('6076fb59-83e4-5cdd-a9b6-ef4f69c632cb', 'Especificación de Insumo', 'Especificación de Insumo', NULL, '2', '48175350-83a6-5df9-a6e0-cdf5c5a0fcf7', 'EspecificacionInsumo', 'black', 0, 0, 1, '2019-05-22 03:53:11', '2019-05-22 03:53:11', '::1', '::1');
INSERT INTO configuracion_menu (id, nombre, descripcion, icono_id, orden, modulo_id, id_menu, color, tabpanel, escritorio, activo, date_created, date_updated, created_from_ip, updated_from_ip) VALUES ('53351703-fdb8-526a-b298-45d24d9c4518', 'Criterio de Salida', 'Criterio de Salida', NULL, '1', '48175350-83a6-5df9-a6e0-cdf5c5a0fcf7', 'CriterioSalida', 'black', 0, 0, 1, '2019-05-22 03:52:31', '2019-05-22 03:52:31', '::1', '::1');
INSERT INTO configuracion_menu (id, nombre, descripcion, icono_id, orden, modulo_id, id_menu, color, tabpanel, escritorio, activo, date_created, date_updated, created_from_ip, updated_from_ip) VALUES ('dd652b40-c302-5e44-b56e-929fea84c6ba', 'Subcategoría', 'Subcategoría', NULL, '5', '0d6769ee-3049-565a-95b9-306a184a642f', 'Subcategoria', 'black', 0, 0, 1, '2019-05-18 17:34:57', '2019-05-19 14:57:07', '::1', '::1');
INSERT INTO configuracion_menu (id, nombre, descripcion, icono_id, orden, modulo_id, id_menu, color, tabpanel, escritorio, activo, date_created, date_updated, created_from_ip, updated_from_ip) VALUES ('1e49569f-1ad4-582f-9e88-2c55898c6cbc', 'Marca', 'Marca', NULL, '2', '0d6769ee-3049-565a-95b9-306a184a642f', 'Marca', 'black', 0, 0, 1, '2019-05-18 17:34:07', '2019-05-18 17:34:07', '::1', '::1');
INSERT INTO configuracion_menu (id, nombre, descripcion, icono_id, orden, modulo_id, id_menu, color, tabpanel, escritorio, activo, date_created, date_updated, created_from_ip, updated_from_ip) VALUES ('4088062f-d57b-5bcd-bfec-a629f3134ea5', 'Destino', 'Destino', NULL, '2', '0d6769ee-3049-565a-95b9-306a184a642f', 'Destino', 'black', 0, 0, 1, '2019-05-18 17:33:39', '2019-05-18 17:33:39', '::1', '::1');
INSERT INTO configuracion_menu (id, nombre, descripcion, icono_id, orden, modulo_id, id_menu, color, tabpanel, escritorio, activo, date_created, date_updated, created_from_ip, updated_from_ip) VALUES ('027330fc-eb09-5f54-9b56-425eb57ddfc8', 'Tipo de Producto', 'Tipo de Producto', NULL, '1', '0d6769ee-3049-565a-95b9-306a184a642f', 'TipoProducto', 'black', 0, 0, 1, '2019-05-18 17:32:48', '2019-05-18 17:32:48', '::1', '::1');
INSERT INTO configuracion_menu (id, nombre, descripcion, icono_id, orden, modulo_id, id_menu, color, tabpanel, escritorio, activo, date_created, date_updated, created_from_ip, updated_from_ip) VALUES ('a5418f6e-a48e-5249-9054-1c82c479b2d4', 'Tipo de Costo', 'Tipo de Costo', NULL, '0', '0d6769ee-3049-565a-95b9-306a184a642f', 'TipoCosto', 'black', 0, 0, 1, '2019-05-18 17:32:08', '2019-05-18 17:32:08', '::1', '::1');
INSERT INTO configuracion_menu (id, nombre, descripcion, icono_id, orden, modulo_id, id_menu, color, tabpanel, escritorio, activo, date_created, date_updated, created_from_ip, updated_from_ip) VALUES ('d3cf26fd-cd09-52e2-a9e6-97fe82e6792e', 'Contacto', 'Muestra los menu principales que son Contacto', '2c7b926e-0eb9-5bd0-959f-d45de62bfd74', '0', '8cb7c879-1ef6-5e2b-a14a-4cf4847cd321', 'Contacto', 'lightgreen', 1, 1, 1, '2018-10-21 00:25:09', '2018-11-03 00:37:53', '127.0.0.1', '::1');
INSERT INTO configuracion_menu (id, nombre, descripcion, icono_id, orden, modulo_id, id_menu, color, tabpanel, escritorio, activo, date_created, date_updated, created_from_ip, updated_from_ip) VALUES ('5f3f6c2a-4c62-509b-9568-ca640c1f695e', 'Productos y Servicios', 'Muestra los menu principales que son Contacto', '607c2628-7fbf-59ff-83bc-bebfc6c2aa17', '1', '8cb7c879-1ef6-5e2b-a14a-4cf4847cd321', 'ProductosServicios', 'bisque', 1, 1, 1, '2019-05-11 14:59:38', '2019-05-11 14:59:38', '::1', '::1');
INSERT INTO configuracion_menu (id, nombre, descripcion, icono_id, orden, modulo_id, id_menu, color, tabpanel, escritorio, activo, date_created, date_updated, created_from_ip, updated_from_ip) VALUES ('77af4c0a-3b4e-53d9-a28f-523e3d0d9809', 'Calendario', 'Calendario', NULL, '0', 'd6662771-ed88-5aaf-b986-bf655ae8493a', 'Calendario', 'black', 1, 0, 1, '2019-07-09 22:14:14', '2019-07-10 01:54:41', '127.0.0.1', '127.0.0.1');
INSERT INTO configuracion_menu (id, nombre, descripcion, icono_id, orden, modulo_id, id_menu, color, tabpanel, escritorio, activo, date_created, date_updated, created_from_ip, updated_from_ip) VALUES ('605fd423-8132-59a0-9370-f83011ba1acc', 'Claves', 'ff', NULL, '1', 'd6662771-ed88-5aaf-b986-bf655ae8493a', 'Claves', 'black', 1, 0, 1, '2019-07-10 19:36:07', '2019-07-10 19:36:07', '127.0.0.1', '127.0.0.1');
INSERT INTO configuracion_menu (id, nombre, descripcion, icono_id, orden, modulo_id, id_menu, color, tabpanel, escritorio, activo, date_created, date_updated, created_from_ip, updated_from_ip) VALUES ('a9863ded-d396-5c46-9f12-d5d46f03a2aa', 'Centros de Costo', 'Centros de Costo', NULL, '4', '4726b526-cbca-5fad-87aa-5c4fe0f08bb3', 'CentroCosto', 'black', 0, 0, 1, '2019-05-12 18:17:57', '2019-05-18 17:23:40', '::1', '::1');
INSERT INTO configuracion_menu (id, nombre, descripcion, icono_id, orden, modulo_id, id_menu, color, tabpanel, escritorio, activo, date_created, date_updated, created_from_ip, updated_from_ip) VALUES ('3cead430-8c0c-5c3a-935c-5376af347eb3', 'Grupo Centro de Costo', 'Grupo Centro de Costo', NULL, '3', '4726b526-cbca-5fad-87aa-5c4fe0f08bb3', 'GrupoCentroCosto', 'black', 0, 0, 1, '2019-05-12 16:41:57', '2019-05-18 17:23:30', '::1', '::1');
INSERT INTO configuracion_menu (id, nombre, descripcion, icono_id, orden, modulo_id, id_menu, color, tabpanel, escritorio, activo, date_created, date_updated, created_from_ip, updated_from_ip) VALUES ('285d80b5-5e09-5c0c-b2c1-fa9bf92e765d', 'Agrupación de Centro Costo', 'Agrupaciones de los Centros de Costos', NULL, '2', '4726b526-cbca-5fad-87aa-5c4fe0f08bb3', 'AgrupacionCentroCosto', 'black', 0, 0, 1, '2019-05-11 19:17:55', '2019-05-11 19:25:31', '::1', '::1');
INSERT INTO configuracion_menu (id, nombre, descripcion, icono_id, orden, modulo_id, id_menu, color, tabpanel, escritorio, activo, date_created, date_updated, created_from_ip, updated_from_ip) VALUES ('96267435-35ef-5abf-976d-1b2fde83def4', 'Tipo de Entrada', 'Tipo de Entrada', NULL, '0', '48175350-83a6-5df9-a6e0-cdf5c5a0fcf7', 'TipoEntrada', 'black', 0, 0, 1, '2019-05-22 03:51:05', '2019-05-22 03:51:05', '::1', '::1');
INSERT INTO configuracion_menu (id, nombre, descripcion, icono_id, orden, modulo_id, id_menu, color, tabpanel, escritorio, activo, date_created, date_updated, created_from_ip, updated_from_ip) VALUES ('6330f38e-3ec6-5996-8ee0-0942dbb429fe', 'Banco', 'Para la gestión de los bancos.', NULL, '1', '4726b526-cbca-5fad-87aa-5c4fe0f08bb3', 'Banco', 'black', 1, 0, 1, '2018-11-03 00:44:31', '2019-05-12 16:31:33', '::1', '::1');
INSERT INTO configuracion_menu (id, nombre, descripcion, icono_id, orden, modulo_id, id_menu, color, tabpanel, escritorio, activo, date_created, date_updated, created_from_ip, updated_from_ip) VALUES ('34642510-bc9c-513e-be32-76f8eabd1027', 'Tipo de Banco', 'Para la gestion de los tipos de bancos', NULL, '0', '4726b526-cbca-5fad-87aa-5c4fe0f08bb3', 'TipoBanco', 'black', 0, 0, 1, '2018-11-03 00:42:48', '2018-11-03 00:42:48', '::1', '::1');
INSERT INTO configuracion_menu (id, nombre, descripcion, icono_id, orden, modulo_id, id_menu, color, tabpanel, escritorio, activo, date_created, date_updated, created_from_ip, updated_from_ip) VALUES ('f9af3c78-1854-55e1-9002-9e6d346b733e', 'Deducción', 'Deducción', NULL, '1', '92e7fd11-17ba-548f-9852-4a5355422a34', 'Deduccion', 'black', 1, 0, 1, '2019-07-14 17:18:48', '2019-07-14 17:20:07', '127.0.0.1', '127.0.0.1');
INSERT INTO configuracion_menu (id, nombre, descripcion, icono_id, orden, modulo_id, id_menu, color, tabpanel, escritorio, activo, date_created, date_updated, created_from_ip, updated_from_ip) VALUES ('6bbcfdd1-4491-5b58-9107-5fd36a772c58', 'Cuenta Contable', 'Cuentas Contables', NULL, '0', '3872366d-3092-56df-b34f-b8b8a0f1fe8f', 'CuentaContable', 'black', 1, 0, 1, '2019-07-15 22:02:33', '2019-07-15 22:02:33', '127.0.0.1', '127.0.0.1');
INSERT INTO configuracion_menu (id, nombre, descripcion, icono_id, orden, modulo_id, id_menu, color, tabpanel, escritorio, activo, date_created, date_updated, created_from_ip, updated_from_ip) VALUES ('05987b76-76c0-537d-a8bf-ad40d770c987', 'Contrato', 'Tipo Contrato', NULL, '0', '92e7fd11-17ba-548f-9852-4a5355422a34', 'TipoContrato', 'black', 1, 0, 1, '2019-07-20 22:59:15', '2019-07-20 22:59:15', '127.0.0.1', '127.0.0.1');
INSERT INTO configuracion_menu (id, nombre, descripcion, icono_id, orden, modulo_id, id_menu, color, tabpanel, escritorio, activo, date_created, date_updated, created_from_ip, updated_from_ip) VALUES ('f0f65ba3-2c50-597d-9bd5-aaa7cefc856e', 'Categoría D-C', 'Categoria Cientifica y Docente', NULL, '7', 'fbbe5ab2-2d54-5270-9e8f-03c5bcf6f8b4', 'Categoria', 'black', 1, 0, 1, '2019-07-21 19:22:07', '2019-07-21 19:23:47', '127.0.0.1', '127.0.0.1');
INSERT INTO configuracion_menu (id, nombre, descripcion, icono_id, orden, modulo_id, id_menu, color, tabpanel, escritorio, activo, date_created, date_updated, created_from_ip, updated_from_ip) VALUES ('59e5f8e9-e848-5f99-829a-0981cc573c87', 'Pago y Salario', 'Pago y Salario', NULL, '3', '92e7fd11-17ba-548f-9852-4a5355422a34', 'PagoSalario', 'black', 1, 0, 1, '2019-07-24 01:47:56', '2019-07-24 01:47:56', '127.0.0.1', '127.0.0.1');
INSERT INTO configuracion_menu (id, nombre, descripcion, icono_id, orden, modulo_id, id_menu, color, tabpanel, escritorio, activo, date_created, date_updated, created_from_ip, updated_from_ip) VALUES ('227d204e-76b3-5c0d-851f-678d4c5df820', 'Idioma', 'Idioma', NULL, '6', '03a87e66-9b7e-53c8-966d-8890f108a788', 'Idioma', 'black', 0, 0, 1, '2019-07-25 01:22:51', '2019-07-25 01:22:51', '127.0.0.1', '127.0.0.1');


--
-- TOC entry 2451 (class 0 OID 17094)
-- Dependencies: 211
-- Data for Name: nomenclador_alias; Type: TABLE DATA; Schema: public; Owner: cerodatax
--

INSERT INTO nomenclador_alias (id, nombre, descripcion, date_created, date_updated, created_from_ip, updated_from_ip) VALUES ('ebb8edcc-8848-5c47-982f-b82992a7d6e1', 'administracion', 'Para la gestión de administración', '2018-11-24 15:57:09', '2018-11-24 15:57:09', '::1', '::1');
INSERT INTO nomenclador_alias (id, nombre, descripcion, date_created, date_updated, created_from_ip, updated_from_ip) VALUES ('ece97326-3294-5e23-9447-c8177233cdb5', 'persona', 'Para la gestión de personas', '2018-11-24 15:57:38', '2018-11-24 15:57:38', '::1', '::1');
INSERT INTO nomenclador_alias (id, nombre, descripcion, date_created, date_updated, created_from_ip, updated_from_ip) VALUES ('aa422a3d-b876-55e4-830c-399a9358fdf9', 'estructura', 'Para la gestión de las estructura.', '2018-11-24 15:58:59', '2018-11-24 15:58:59', '::1', '::1');
INSERT INTO nomenclador_alias (id, nombre, descripcion, date_created, date_updated, created_from_ip, updated_from_ip) VALUES ('b7e0029a-7cb0-529f-bbfa-8b49eb7207d3', 'seguridad', 'Para la gestión de la seguridad', '2018-11-24 15:59:19', '2018-11-24 15:59:19', '::1', '::1');
INSERT INTO nomenclador_alias (id, nombre, descripcion, date_created, date_updated, created_from_ip, updated_from_ip) VALUES ('6fc0135f-9f54-576a-8636-bf44f282e9c1', 'actualizacion', 'Para la gestión de la actualización', '2018-11-24 15:59:50', '2018-11-24 15:59:50', '::1', '::1');
INSERT INTO nomenclador_alias (id, nombre, descripcion, date_created, date_updated, created_from_ip, updated_from_ip) VALUES ('bd77a0cd-4447-547c-80af-6d0c65884307', 'crm', 'Para la gestión de CRM', '2018-11-24 16:00:32', '2018-11-24 16:00:32', '::1', '::1');
INSERT INTO nomenclador_alias (id, nombre, descripcion, date_created, date_updated, created_from_ip, updated_from_ip) VALUES ('e7d3482b-e146-5f49-9d85-16a98f242d4c', 'configuracion', 'Para la gestión de la configuración', '2018-11-24 16:00:56', '2018-11-24 16:00:56', '::1', '::1');
INSERT INTO nomenclador_alias (id, nombre, descripcion, date_created, date_updated, created_from_ip, updated_from_ip) VALUES ('f9d8afa1-b3a4-599b-a903-3b9e7c7f3d5a', 'nomenclador', 'Para la gestion de nomencladores', '2018-11-24 15:57:38', '2018-11-24 15:57:38', '::1', '::1');
INSERT INTO nomenclador_alias (id, nombre, descripcion, date_created, date_updated, created_from_ip, updated_from_ip) VALUES ('584148cc-e30a-55e5-9e24-a4126fac25af', 'escritorio', 'Para la gestion del escritorio', '2018-11-24 15:57:38', '2018-11-24 15:57:38', '::1', '::1');
INSERT INTO nomenclador_alias (id, nombre, descripcion, date_created, date_updated, created_from_ip, updated_from_ip) VALUES ('83577388-c47a-595b-91b2-6fd9e9846d7c', 'rh', 'Para la gestión de RH', '2019-07-09 22:14:54', '2019-07-09 22:14:54', '127.0.0.1', '127.0.0.1');
INSERT INTO nomenclador_alias (id, nombre, descripcion, date_created, date_updated, created_from_ip, updated_from_ip) VALUES ('90efdca9-f7db-550e-b32b-6c9c297970fc', 'nomenclador.rh', 'Para los nomencladores de RH', '2019-07-14 17:17:54', '2019-07-14 17:17:54', '127.0.0.1', '127.0.0.1');
INSERT INTO nomenclador_alias (id, nombre, descripcion, date_created, date_updated, created_from_ip, updated_from_ip) VALUES ('07f9f519-ed1b-5832-95ba-327359b447a9', 'nomenclador.contabilidad', 'Para la gestión de la Contabilidad', '2019-07-15 21:57:14', '2019-07-15 21:57:14', '127.0.0.1', '127.0.0.1');
INSERT INTO nomenclador_alias (id, nombre, descripcion, date_created, date_updated, created_from_ip, updated_from_ip) VALUES ('aff55306-ba8f-5cee-8c39-02b91a690605', 'nomenclador.general', 'Para la gestión de los Nomencladores Generales ', '2019-07-25 01:21:05', '2019-07-25 01:21:05', '127.0.0.1', '127.0.0.1');


--
-- TOC entry 2452 (class 0 OID 17106)
-- Dependencies: 212
-- Data for Name: configuracion_panel; Type: TABLE DATA; Schema: public; Owner: cerodatax
--

INSERT INTO configuracion_panel (id, nombre, orden, id_contenedor, alias_id, menu_id, descripcion, activo, date_created, date_updated, created_from_ip, updated_from_ip) VALUES ('58028f56-7ea1-5921-8a2a-b6b637d3dbee', 'Entidades', '0', 'Entidad', 'aa422a3d-b876-55e4-830c-399a9358fdf9', '88176fbe-aa72-5ddb-bc71-775fda9ac9e2', NULL, 1, '2018-10-21 00:25:09', '2018-10-21 00:25:09', '127.0.0.1', '127.0.0.1');
INSERT INTO configuracion_panel (id, nombre, orden, id_contenedor, alias_id, menu_id, descripcion, activo, date_created, date_updated, created_from_ip, updated_from_ip) VALUES ('0093bc1d-4085-533d-b703-3a595a407244', 'Usuarios', '0', 'Usuario', 'b7e0029a-7cb0-529f-bbfa-8b49eb7207d3', '5eef535a-49a0-521f-baa2-b2afb0d84413', NULL, 1, '2018-10-21 00:25:09', '2018-10-21 00:25:09', '127.0.0.1', '127.0.0.1');
INSERT INTO configuracion_panel (id, nombre, orden, id_contenedor, alias_id, menu_id, descripcion, activo, date_created, date_updated, created_from_ip, updated_from_ip) VALUES ('9675922a-99a8-5fbf-98f3-bda44c290192', 'Roles', '1', 'Rol', 'b7e0029a-7cb0-529f-bbfa-8b49eb7207d3', '5eef535a-49a0-521f-baa2-b2afb0d84413', NULL, 1, '2018-10-21 00:25:09', '2018-10-21 00:25:09', '127.0.0.1', '127.0.0.1');
INSERT INTO configuracion_panel (id, nombre, orden, id_contenedor, alias_id, menu_id, descripcion, activo, date_created, date_updated, created_from_ip, updated_from_ip) VALUES ('d3cf26fd-cd09-52e2-a9e6-97fe82e6792e', 'Contacto', '0', 'Contacto', 'bd77a0cd-4447-547c-80af-6d0c65884307', 'd3cf26fd-cd09-52e2-a9e6-97fe82e6792e', NULL, 1, '2018-10-21 00:25:10', '2018-10-21 00:25:10', '127.0.0.1', '127.0.0.1');
INSERT INTO configuracion_panel (id, nombre, orden, id_contenedor, alias_id, menu_id, descripcion, activo, date_created, date_updated, created_from_ip, updated_from_ip) VALUES ('c0df395a-27ba-57cf-8e06-5a8f99ded46b', 'Cliente', '1', 'Cliente', 'bd77a0cd-4447-547c-80af-6d0c65884307', 'd3cf26fd-cd09-52e2-a9e6-97fe82e6792e', NULL, 1, '2018-10-21 00:25:10', '2018-10-21 00:25:10', '127.0.0.1', '127.0.0.1');
INSERT INTO configuracion_panel (id, nombre, orden, id_contenedor, alias_id, menu_id, descripcion, activo, date_created, date_updated, created_from_ip, updated_from_ip) VALUES ('71d89798-8d2b-57f6-ba9d-1dfdde27088d', 'Oferente', '3', 'Oferente', 'bd77a0cd-4447-547c-80af-6d0c65884307', 'd3cf26fd-cd09-52e2-a9e6-97fe82e6792e', NULL, 1, '2018-10-21 00:25:10', '2018-10-21 00:25:10', '127.0.0.1', '127.0.0.1');
INSERT INTO configuracion_panel (id, nombre, orden, id_contenedor, alias_id, menu_id, descripcion, activo, date_created, date_updated, created_from_ip, updated_from_ip) VALUES ('cbc445c3-2a44-5ca9-a04b-1dbdd360ef78', 'Módulos', '0', 'Modulo', 'e7d3482b-e146-5f49-9d85-16a98f242d4c', 'cbc445c3-2a44-5ca9-a04b-1dbdd360ef78', NULL, 1, '2018-10-21 00:25:10', '2018-10-21 00:25:10', '127.0.0.1', '127.0.0.1');
INSERT INTO configuracion_panel (id, nombre, orden, id_contenedor, alias_id, menu_id, descripcion, activo, date_created, date_updated, created_from_ip, updated_from_ip) VALUES ('062317f7-849d-5c46-ac80-9cd78b7a79c5', 'Menú', '1', 'Menu', 'e7d3482b-e146-5f49-9d85-16a98f242d4c', 'cbc445c3-2a44-5ca9-a04b-1dbdd360ef78', NULL, 1, '2018-10-21 00:25:10', '2018-10-21 00:25:10', '127.0.0.1', '127.0.0.1');
INSERT INTO configuracion_panel (id, nombre, orden, id_contenedor, alias_id, menu_id, descripcion, activo, date_created, date_updated, created_from_ip, updated_from_ip) VALUES ('103728ac-0639-5e2f-8ecf-b9bc4192db31', 'Panel', '2', 'Panel', 'e7d3482b-e146-5f49-9d85-16a98f242d4c', 'cbc445c3-2a44-5ca9-a04b-1dbdd360ef78', NULL, 1, '2018-10-21 00:25:10', '2018-10-21 00:25:10', '127.0.0.1', '127.0.0.1');
INSERT INTO configuracion_panel (id, nombre, orden, id_contenedor, alias_id, menu_id, descripcion, activo, date_created, date_updated, created_from_ip, updated_from_ip) VALUES ('6406eff1-72f2-51ca-a2e4-a54166a15fbf', 'Escritorio', '0', 'Tablero', '584148cc-e30a-55e5-9e24-a4126fac25af', '6406eff1-72f2-51ca-a2e4-a54166a15fbf', NULL, 1, '2018-10-21 00:25:09', '2018-10-21 00:25:09', '127.0.0.1', '127.0.0.1');
INSERT INTO configuracion_panel (id, nombre, orden, id_contenedor, alias_id, menu_id, descripcion, activo, date_created, date_updated, created_from_ip, updated_from_ip) VALUES ('efebe7b0-778f-50cd-8572-e54760dea7c2', 'Continentes', '0', 'Continente', 'f9d8afa1-b3a4-599b-a903-3b9e7c7f3d5a', 'efebe7b0-778f-50cd-8572-e54760dea7c2', NULL, 1, '2018-10-21 00:25:09', '2018-10-21 00:25:09', '127.0.0.1', '127.0.0.1');
INSERT INTO configuracion_panel (id, nombre, orden, id_contenedor, alias_id, menu_id, descripcion, activo, date_created, date_updated, created_from_ip, updated_from_ip) VALUES ('de061dc0-8941-53c8-907a-7e0bb07aaa5f', 'País', '0', 'Pais', 'f9d8afa1-b3a4-599b-a903-3b9e7c7f3d5a', '1b2b1259-e852-5f78-95d6-c241931a55ca', NULL, 1, '2018-10-21 00:25:10', '2018-10-21 00:25:10', '127.0.0.1', '127.0.0.1');
INSERT INTO configuracion_panel (id, nombre, orden, id_contenedor, alias_id, menu_id, descripcion, activo, date_created, date_updated, created_from_ip, updated_from_ip) VALUES ('90a27154-118a-5c08-8642-a7b858d8b693', 'Provincias', '0', 'Provincia', 'f9d8afa1-b3a4-599b-a903-3b9e7c7f3d5a', '90a27154-118a-5c08-8642-a7b858d8b693', NULL, 1, '2018-10-21 00:25:10', '2018-10-21 00:25:10', '127.0.0.1', '127.0.0.1');
INSERT INTO configuracion_panel (id, nombre, orden, id_contenedor, alias_id, menu_id, descripcion, activo, date_created, date_updated, created_from_ip, updated_from_ip) VALUES ('28344c82-75e2-5fb5-a043-2a191e675abd', 'Municipios', '0', 'Municipio', 'f9d8afa1-b3a4-599b-a903-3b9e7c7f3d5a', '28344c82-75e2-5fb5-a043-2a191e675abd', NULL, 1, '2018-10-21 00:25:10', '2018-10-21 00:25:10', '127.0.0.1', '127.0.0.1');
INSERT INTO configuracion_panel (id, nombre, orden, id_contenedor, alias_id, menu_id, descripcion, activo, date_created, date_updated, created_from_ip, updated_from_ip) VALUES ('71552098-c033-5581-ae74-db08e4004c04', 'Actualizaciones', '0', 'Actualizacion', '6fc0135f-9f54-576a-8636-bf44f282e9c1', '71552098-c033-5581-ae74-db08e4004c04', NULL, 1, '2018-10-21 00:25:09', '2018-10-21 00:25:09', '127.0.0.1', '127.0.0.1');
INSERT INTO configuracion_panel (id, nombre, orden, id_contenedor, alias_id, menu_id, descripcion, activo, date_created, date_updated, created_from_ip, updated_from_ip) VALUES ('69599e00-8fce-5de6-8981-461349cc91a0', 'Áreas', '1', 'Area', 'aa422a3d-b876-55e4-830c-399a9358fdf9', '88176fbe-aa72-5ddb-bc71-775fda9ac9e2', NULL, 1, '2018-10-21 00:25:09', '2018-10-21 00:25:09', '127.0.0.1', '127.0.0.1');
INSERT INTO configuracion_panel (id, nombre, orden, id_contenedor, alias_id, menu_id, descripcion, activo, date_created, date_updated, created_from_ip, updated_from_ip) VALUES ('9f99c2ec-62c5-5bcb-a5f4-1a6a06350dbc', 'Acciones', '2', 'Accion', 'b7e0029a-7cb0-529f-bbfa-8b49eb7207d3', '5eef535a-49a0-521f-baa2-b2afb0d84413', NULL, 1, '2018-10-21 00:25:09', '2018-10-21 00:25:09', '127.0.0.1', '127.0.0.1');
INSERT INTO configuracion_panel (id, nombre, orden, id_contenedor, alias_id, menu_id, descripcion, activo, date_created, date_updated, created_from_ip, updated_from_ip) VALUES ('d5ad60df-b773-56ee-859d-472d2a544926', 'Proveedor', '2', 'Proveedor', 'bd77a0cd-4447-547c-80af-6d0c65884307', 'd3cf26fd-cd09-52e2-a9e6-97fe82e6792e', NULL, 1, '2018-10-21 00:25:10', '2018-10-21 00:25:10', '127.0.0.1', '127.0.0.1');
INSERT INTO configuracion_panel (id, nombre, orden, id_contenedor, alias_id, menu_id, descripcion, activo, date_created, date_updated, created_from_ip, updated_from_ip) VALUES ('805ed33d-2fb0-5fef-a43d-3bb7cd1e9b22', 'Venta', '0', 'Venta', 'bd77a0cd-4447-547c-80af-6d0c65884307', '805ed33d-2fb0-5fef-a43d-3bb7cd1e9b22', NULL, 1, '2018-10-21 00:25:10', '2018-10-21 00:25:10', '127.0.0.1', '127.0.0.1');
INSERT INTO configuracion_panel (id, nombre, orden, id_contenedor, alias_id, menu_id, descripcion, activo, date_created, date_updated, created_from_ip, updated_from_ip) VALUES ('6cb7405c-d0e2-5950-a889-637fc7c24f19', 'Compra', '0', 'Compra', 'bd77a0cd-4447-547c-80af-6d0c65884307', '6cb7405c-d0e2-5950-a889-637fc7c24f19', NULL, 1, '2018-10-21 00:25:10', '2018-10-21 00:25:10', '127.0.0.1', '127.0.0.1');
INSERT INTO configuracion_panel (id, nombre, orden, id_contenedor, alias_id, menu_id, descripcion, activo, date_created, date_updated, created_from_ip, updated_from_ip) VALUES ('ab656f58-c421-5dba-84fc-3b34801abe51', 'Licencías', '0', 'Licencia', 'ebb8edcc-8848-5c47-982f-b82992a7d6e1', 'ab656f58-c421-5dba-84fc-3b34801abe51', NULL, 1, '2018-11-21 02:01:30', '2018-11-21 02:01:30', '::1', '::1');
INSERT INTO configuracion_panel (id, nombre, orden, id_contenedor, alias_id, menu_id, descripcion, activo, date_created, date_updated, created_from_ip, updated_from_ip) VALUES ('7a33f50c-0236-5906-80c9-7c0dface663d', 'Trazas', '0', 'Traza', 'ebb8edcc-8848-5c47-982f-b82992a7d6e1', '7a33f50c-0236-5906-80c9-7c0dface663d', NULL, 1, '2018-11-23 02:20:53', '2018-11-23 02:20:53', '::1', '::1');
INSERT INTO configuracion_panel (id, nombre, orden, id_contenedor, alias_id, menu_id, descripcion, activo, date_created, date_updated, created_from_ip, updated_from_ip) VALUES ('43d8db1a-0445-5d8e-8ffb-a39ba7cde605', 'Monedas', '0', 'Moneda', 'f9d8afa1-b3a4-599b-a903-3b9e7c7f3d5a', '43d8db1a-0445-5d8e-8ffb-a39ba7cde605', NULL, 1, '2018-10-21 00:25:10', '2018-10-21 00:25:10', '127.0.0.1', '127.0.0.1');
INSERT INTO configuracion_panel (id, nombre, orden, id_contenedor, alias_id, menu_id, descripcion, activo, date_created, date_updated, created_from_ip, updated_from_ip) VALUES ('b867fcb5-65d6-55ac-8103-38aa0f530d83', 'Organismos', '0', 'Organismo', 'f9d8afa1-b3a4-599b-a903-3b9e7c7f3d5a', 'b867fcb5-65d6-55ac-8103-38aa0f530d83', NULL, 1, '2018-10-21 00:25:10', '2018-10-21 00:25:10', '127.0.0.1', '127.0.0.1');
INSERT INTO configuracion_panel (id, nombre, orden, id_contenedor, alias_id, menu_id, descripcion, activo, date_created, date_updated, created_from_ip, updated_from_ip) VALUES ('32a97b6e-b4f8-5f6f-850c-4c181b5c4101', 'Clasificación', '0', 'Clasificacion', 'f9d8afa1-b3a4-599b-a903-3b9e7c7f3d5a', '32a97b6e-b4f8-5f6f-850c-4c181b5c4101', NULL, 1, '2018-10-21 00:25:10', '2018-10-21 00:25:10', '127.0.0.1', '127.0.0.1');
INSERT INTO configuracion_panel (id, nombre, orden, id_contenedor, alias_id, menu_id, descripcion, activo, date_created, date_updated, created_from_ip, updated_from_ip) VALUES ('b09f430e-0423-59a9-910b-b44ae9f4f3ba', 'Tipo de Registro', '0', 'TipoRegistro', 'f9d8afa1-b3a4-599b-a903-3b9e7c7f3d5a', 'b09f430e-0423-59a9-910b-b44ae9f4f3ba', NULL, 1, '2018-10-21 00:25:10', '2018-10-21 00:25:10', '127.0.0.1', '127.0.0.1');
INSERT INTO configuracion_panel (id, nombre, orden, id_contenedor, alias_id, menu_id, descripcion, activo, date_created, date_updated, created_from_ip, updated_from_ip) VALUES ('66d45629-7e4b-5483-bef8-4058802cd244', 'Categoría Entidad', '0', 'CategoriaEntidad', 'f9d8afa1-b3a4-599b-a903-3b9e7c7f3d5a', '66d45629-7e4b-5483-bef8-4058802cd244', NULL, 1, '2018-10-21 00:25:10', '2018-10-21 00:25:10', '127.0.0.1', '127.0.0.1');
INSERT INTO configuracion_panel (id, nombre, orden, id_contenedor, alias_id, menu_id, descripcion, activo, date_created, date_updated, created_from_ip, updated_from_ip) VALUES ('240246f1-65e4-518a-91b4-db36362468c7', 'Sección NAE', '0', 'SeccionNAE', 'f9d8afa1-b3a4-599b-a903-3b9e7c7f3d5a', '240246f1-65e4-518a-91b4-db36362468c7', NULL, 1, '2018-10-21 00:25:10', '2018-10-21 00:25:10', '127.0.0.1', '127.0.0.1');
INSERT INTO configuracion_panel (id, nombre, orden, id_contenedor, alias_id, menu_id, descripcion, activo, date_created, date_updated, created_from_ip, updated_from_ip) VALUES ('17c47eda-97f8-5cc5-b3ab-0a3a749de1e3', 'División NAE', '0', 'DivisionNAE', 'f9d8afa1-b3a4-599b-a903-3b9e7c7f3d5a', '17c47eda-97f8-5cc5-b3ab-0a3a749de1e3', NULL, 1, '2018-10-21 00:25:10', '2018-10-21 00:25:10', '127.0.0.1', '127.0.0.1');
INSERT INTO configuracion_panel (id, nombre, orden, id_contenedor, alias_id, menu_id, descripcion, activo, date_created, date_updated, created_from_ip, updated_from_ip) VALUES ('4d1d0f1b-109d-5cba-934c-1ccf169fa0cc', 'NAE', '0', 'NAE', 'f9d8afa1-b3a4-599b-a903-3b9e7c7f3d5a', '4d1d0f1b-109d-5cba-934c-1ccf169fa0cc', NULL, 1, '2018-10-21 00:25:10', '2018-10-21 00:25:10', '127.0.0.1', '127.0.0.1');
INSERT INTO configuracion_panel (id, nombre, orden, id_contenedor, alias_id, menu_id, descripcion, activo, date_created, date_updated, created_from_ip, updated_from_ip) VALUES ('228c82fa-b476-5979-86d5-c32e10d5bf9d', 'Tipo de Entidad', '0', 'TipoEntidad', 'f9d8afa1-b3a4-599b-a903-3b9e7c7f3d5a', '228c82fa-b476-5979-86d5-c32e10d5bf9d', NULL, 1, '2018-10-21 00:25:10', '2018-10-21 00:25:10', '127.0.0.1', '127.0.0.1');
INSERT INTO configuracion_panel (id, nombre, orden, id_contenedor, alias_id, menu_id, descripcion, activo, date_created, date_updated, created_from_ip, updated_from_ip) VALUES ('ef8ea58d-931d-5711-9140-53b79852be93', 'Unión', '0', 'Union', 'f9d8afa1-b3a4-599b-a903-3b9e7c7f3d5a', 'ef8ea58d-931d-5711-9140-53b79852be93', NULL, 1, '2018-10-21 00:25:10', '2018-10-21 00:25:10', '127.0.0.1', '127.0.0.1');
INSERT INTO configuracion_panel (id, nombre, orden, id_contenedor, alias_id, menu_id, descripcion, activo, date_created, date_updated, created_from_ip, updated_from_ip) VALUES ('8fbbd7f1-fdf1-5480-97a2-db318e3c5818', 'Nivel Educacional', '0', 'NivelEducacional', 'f9d8afa1-b3a4-599b-a903-3b9e7c7f3d5a', '8fbbd7f1-fdf1-5480-97a2-db318e3c5818', NULL, 1, '2018-10-21 00:25:10', '2018-10-21 00:25:10', '127.0.0.1', '127.0.0.1');
INSERT INTO configuracion_panel (id, nombre, orden, id_contenedor, alias_id, menu_id, descripcion, activo, date_created, date_updated, created_from_ip, updated_from_ip) VALUES ('64e54659-3a2c-5035-b31a-8da088251f65', 'Grupo Sanguíneo', '0', 'GrupoSanguineo', 'f9d8afa1-b3a4-599b-a903-3b9e7c7f3d5a', '64e54659-3a2c-5035-b31a-8da088251f65', NULL, 1, '2018-10-21 00:25:10', '2018-10-21 00:25:10', '127.0.0.1', '127.0.0.1');
INSERT INTO configuracion_panel (id, nombre, orden, id_contenedor, alias_id, menu_id, descripcion, activo, date_created, date_updated, created_from_ip, updated_from_ip) VALUES ('710485f0-8ffa-50d1-a78f-2438d7a68053', 'Color de Piel', '0', 'ColorPiel', 'f9d8afa1-b3a4-599b-a903-3b9e7c7f3d5a', '710485f0-8ffa-50d1-a78f-2438d7a68053', NULL, 1, '2018-10-21 00:25:10', '2018-10-21 00:25:10', '127.0.0.1', '127.0.0.1');
INSERT INTO configuracion_panel (id, nombre, orden, id_contenedor, alias_id, menu_id, descripcion, activo, date_created, date_updated, created_from_ip, updated_from_ip) VALUES ('77b60b40-2f3b-52df-8a77-15a23bb71a4f', 'Estado Civil', '0', 'EstadoCivil', 'f9d8afa1-b3a4-599b-a903-3b9e7c7f3d5a', '77b60b40-2f3b-52df-8a77-15a23bb71a4f', NULL, 1, '2018-10-21 00:25:10', '2018-10-21 00:25:10', '127.0.0.1', '127.0.0.1');
INSERT INTO configuracion_panel (id, nombre, orden, id_contenedor, alias_id, menu_id, descripcion, activo, date_created, date_updated, created_from_ip, updated_from_ip) VALUES ('5d2df8c1-7083-508a-9e95-f5dea0ee9c99', 'Situación de la Defensa', '0', 'Defensa', 'f9d8afa1-b3a4-599b-a903-3b9e7c7f3d5a', '5d2df8c1-7083-508a-9e95-f5dea0ee9c99', NULL, 1, '2018-10-21 00:25:10', '2018-10-21 00:25:10', '127.0.0.1', '127.0.0.1');
INSERT INTO configuracion_panel (id, nombre, orden, id_contenedor, alias_id, menu_id, descripcion, activo, date_created, date_updated, created_from_ip, updated_from_ip) VALUES ('494e53a8-18b2-5043-bf64-9a1734245d70', 'Sexo', '0', 'Sexo', 'f9d8afa1-b3a4-599b-a903-3b9e7c7f3d5a', '494e53a8-18b2-5043-bf64-9a1734245d70', NULL, 1, '2018-10-21 00:25:10', '2018-10-21 00:25:10', '127.0.0.1', '127.0.0.1');
INSERT INTO configuracion_panel (id, nombre, orden, id_contenedor, alias_id, menu_id, descripcion, activo, date_created, date_updated, created_from_ip, updated_from_ip) VALUES ('ad935ece-9c6d-5081-9de2-ea150c18e4bf', 'Grupo Escala', '0', 'GrupoEscala', 'f9d8afa1-b3a4-599b-a903-3b9e7c7f3d5a', 'ad935ece-9c6d-5081-9de2-ea150c18e4bf', NULL, 1, '2018-10-21 00:25:10', '2018-10-21 00:25:10', '127.0.0.1', '127.0.0.1');
INSERT INTO configuracion_panel (id, nombre, orden, id_contenedor, alias_id, menu_id, descripcion, activo, date_created, date_updated, created_from_ip, updated_from_ip) VALUES ('af0ecf4a-f049-5f96-991b-fc427a22b98e', 'Calificador', '0', 'Calificador', 'f9d8afa1-b3a4-599b-a903-3b9e7c7f3d5a', 'af0ecf4a-f049-5f96-991b-fc427a22b98e', NULL, 1, '2018-10-21 00:25:10', '2018-10-21 00:25:10', '127.0.0.1', '127.0.0.1');
INSERT INTO configuracion_panel (id, nombre, orden, id_contenedor, alias_id, menu_id, descripcion, activo, date_created, date_updated, created_from_ip, updated_from_ip) VALUES ('a34cdf8e-438b-5970-87ef-a634ab4a813d', 'Categoría Cargo', '0', 'CategoriaCargo', 'f9d8afa1-b3a4-599b-a903-3b9e7c7f3d5a', 'a34cdf8e-438b-5970-87ef-a634ab4a813d', NULL, 1, '2018-10-21 00:25:10', '2018-10-21 00:25:10', '127.0.0.1', '127.0.0.1');
INSERT INTO configuracion_panel (id, nombre, orden, id_contenedor, alias_id, menu_id, descripcion, activo, date_created, date_updated, created_from_ip, updated_from_ip) VALUES ('881905a7-4575-53b4-bf56-714e2c6490fc', 'Tipo de Módulo', '0', 'TipoModulo', 'f9d8afa1-b3a4-599b-a903-3b9e7c7f3d5a', '881905a7-4575-53b4-bf56-714e2c6490fc', NULL, 1, '2018-10-21 00:25:10', '2018-10-21 00:25:10', '127.0.0.1', '127.0.0.1');
INSERT INTO configuracion_panel (id, nombre, orden, id_contenedor, alias_id, menu_id, descripcion, activo, date_created, date_updated, created_from_ip, updated_from_ip) VALUES ('0e1bc350-db41-5255-9063-d1dd2fed53f1', 'Icono', '0', 'Icono', 'f9d8afa1-b3a4-599b-a903-3b9e7c7f3d5a', '0e1bc350-db41-5255-9063-d1dd2fed53f1', NULL, 1, '2018-10-21 00:25:10', '2018-10-21 00:25:10', '127.0.0.1', '127.0.0.1');
INSERT INTO configuracion_panel (id, nombre, orden, id_contenedor, alias_id, menu_id, descripcion, activo, date_created, date_updated, created_from_ip, updated_from_ip) VALUES ('34642510-bc9c-513e-be32-76f8eabd1027', 'Tipo de Banco', '0', 'TipoBanco', 'f9d8afa1-b3a4-599b-a903-3b9e7c7f3d5a', '34642510-bc9c-513e-be32-76f8eabd1027', NULL, 1, '2018-11-03 00:46:24', '2018-11-03 00:57:37', '::1', '::1');
INSERT INTO configuracion_panel (id, nombre, orden, id_contenedor, alias_id, menu_id, descripcion, activo, date_created, date_updated, created_from_ip, updated_from_ip) VALUES ('2bb8ca21-5b32-5d59-be07-7089ee423311', 'Cuentas Bancarias', '1', 'CuentaBancaria', 'f9d8afa1-b3a4-599b-a903-3b9e7c7f3d5a', '6330f38e-3ec6-5996-8ee0-0942dbb429fe', NULL, 1, '2018-11-03 00:50:42', '2018-11-03 01:08:25', '::1', '::1');
INSERT INTO configuracion_panel (id, nombre, orden, id_contenedor, alias_id, menu_id, descripcion, activo, date_created, date_updated, created_from_ip, updated_from_ip) VALUES ('84a59337-a119-5ecd-8d64-ab7b0c3e9a4f', 'Alias', '0', 'Alias', 'f9d8afa1-b3a4-599b-a903-3b9e7c7f3d5a', '84a59337-a119-5ecd-8d64-ab7b0c3e9a4f', NULL, 1, '2018-11-24 15:54:44', '2018-11-24 15:54:44', '::1', '::1');
INSERT INTO configuracion_panel (id, nombre, orden, id_contenedor, alias_id, menu_id, descripcion, activo, date_created, date_updated, created_from_ip, updated_from_ip) VALUES ('5f3f6c2a-4c62-509b-9568-ca640c1f695e', 'Productos y Servicios', '0', 'ProductosServicios', 'bd77a0cd-4447-547c-80af-6d0c65884307', '5f3f6c2a-4c62-509b-9568-ca640c1f695e', 'Productos y Servicios de los Contratos', 1, '2019-05-11 15:10:33', '2019-05-11 15:10:33', '::1', '::1');
INSERT INTO configuracion_panel (id, nombre, orden, id_contenedor, alias_id, menu_id, descripcion, activo, date_created, date_updated, created_from_ip, updated_from_ip) VALUES ('ea02787e-8548-57d5-ad3c-723ac34b508d', 'Agrupación del Centro de Costo', '0', 'AgrupacionCentroCosto', 'f9d8afa1-b3a4-599b-a903-3b9e7c7f3d5a', '285d80b5-5e09-5c0c-b2c1-fa9bf92e765d', 'AgrupacionCentroCosto', 1, '2019-05-11 19:19:02', '2019-05-11 19:19:02', '::1', '::1');
INSERT INTO configuracion_panel (id, nombre, orden, id_contenedor, alias_id, menu_id, descripcion, activo, date_created, date_updated, created_from_ip, updated_from_ip) VALUES ('379125ff-bab2-5a95-b4f8-4a620e48c39b', 'Tipo de Clasificación Contable', '0', 'TipoClasificacionContable', 'f9d8afa1-b3a4-599b-a903-3b9e7c7f3d5a', '379125ff-bab2-5a95-b4f8-4a620e48c39b', 'Tipo de Clasificación Contable', 1, '2019-05-29 01:40:34', '2019-05-29 01:40:34', '::1', '::1');
INSERT INTO configuracion_panel (id, nombre, orden, id_contenedor, alias_id, menu_id, descripcion, activo, date_created, date_updated, created_from_ip, updated_from_ip) VALUES ('227ac17d-f83b-5668-81ad-92c0439f6abe', 'Unidad de Medida', '0', 'UnidadMedida', 'f9d8afa1-b3a4-599b-a903-3b9e7c7f3d5a', '227ac17d-f83b-5668-81ad-92c0439f6abe', 'Unidad de Medida', 1, '2019-06-28 03:03:19', '2019-06-28 03:03:19', '127.0.0.1', '127.0.0.1');
INSERT INTO configuracion_panel (id, nombre, orden, id_contenedor, alias_id, menu_id, descripcion, activo, date_created, date_updated, created_from_ip, updated_from_ip) VALUES ('6330f38e-3ec6-5996-8ee0-0942dbb429fe', 'Banco', '0', 'Banco', 'f9d8afa1-b3a4-599b-a903-3b9e7c7f3d5a', '6330f38e-3ec6-5996-8ee0-0942dbb429fe', 'Banco', 1, '2018-11-03 00:50:03', '2019-05-12 16:32:42', '::1', '::1');
INSERT INTO configuracion_panel (id, nombre, orden, id_contenedor, alias_id, menu_id, descripcion, activo, date_created, date_updated, created_from_ip, updated_from_ip) VALUES ('3cead430-8c0c-5c3a-935c-5376af347eb3', 'Grupo Centro de Costo', '0', 'GrupoCentroCosto', 'f9d8afa1-b3a4-599b-a903-3b9e7c7f3d5a', '3cead430-8c0c-5c3a-935c-5376af347eb3', 'Grupos de Centro de Costo', 1, '2019-05-12 16:42:52', '2019-05-12 16:42:52', '::1', '::1');
INSERT INTO configuracion_panel (id, nombre, orden, id_contenedor, alias_id, menu_id, descripcion, activo, date_created, date_updated, created_from_ip, updated_from_ip) VALUES ('a9863ded-d396-5c46-9f12-d5d46f03a2aa', 'Centros de Costo', '0', 'CentroCosto', 'f9d8afa1-b3a4-599b-a903-3b9e7c7f3d5a', 'a9863ded-d396-5c46-9f12-d5d46f03a2aa', 'Centros de Costo', 1, '2019-05-12 18:18:26', '2019-05-12 18:18:26', '::1', '::1');
INSERT INTO configuracion_panel (id, nombre, orden, id_contenedor, alias_id, menu_id, descripcion, activo, date_created, date_updated, created_from_ip, updated_from_ip) VALUES ('a5418f6e-a48e-5249-9054-1c82c479b2d4', 'Tipo de Costo', '0', 'TipoCosto', 'f9d8afa1-b3a4-599b-a903-3b9e7c7f3d5a', 'a5418f6e-a48e-5249-9054-1c82c479b2d4', 'Tipo de Costo', 1, '2019-05-18 17:38:14', '2019-05-18 17:38:14', '::1', '::1');
INSERT INTO configuracion_panel (id, nombre, orden, id_contenedor, alias_id, menu_id, descripcion, activo, date_created, date_updated, created_from_ip, updated_from_ip) VALUES ('027330fc-eb09-5f54-9b56-425eb57ddfc8', 'Tipo de Producto', '0', 'TipoProducto', 'f9d8afa1-b3a4-599b-a903-3b9e7c7f3d5a', '027330fc-eb09-5f54-9b56-425eb57ddfc8', 'Tipo de Producto', 1, '2019-05-18 17:38:44', '2019-05-18 17:38:44', '::1', '::1');
INSERT INTO configuracion_panel (id, nombre, orden, id_contenedor, alias_id, menu_id, descripcion, activo, date_created, date_updated, created_from_ip, updated_from_ip) VALUES ('4088062f-d57b-5bcd-bfec-a629f3134ea5', 'Destino', '0', 'Destino', 'f9d8afa1-b3a4-599b-a903-3b9e7c7f3d5a', '4088062f-d57b-5bcd-bfec-a629f3134ea5', 'Destino', 1, '2019-05-18 17:39:18', '2019-05-18 17:39:18', '::1', '::1');
INSERT INTO configuracion_panel (id, nombre, orden, id_contenedor, alias_id, menu_id, descripcion, activo, date_created, date_updated, created_from_ip, updated_from_ip) VALUES ('1e49569f-1ad4-582f-9e88-2c55898c6cbc', 'Marca', '0', 'Marca', 'f9d8afa1-b3a4-599b-a903-3b9e7c7f3d5a', '1e49569f-1ad4-582f-9e88-2c55898c6cbc', 'Marca', 1, '2019-05-18 17:39:40', '2019-05-18 17:39:40', '::1', '::1');
INSERT INTO configuracion_panel (id, nombre, orden, id_contenedor, alias_id, menu_id, descripcion, activo, date_created, date_updated, created_from_ip, updated_from_ip) VALUES ('a52fea99-84cd-58ae-a283-b14c3a79dea7', 'Categoría', '0', 'Categoria', 'f9d8afa1-b3a4-599b-a903-3b9e7c7f3d5a', 'a52fea99-84cd-58ae-a283-b14c3a79dea7', 'Categoría', 1, '2019-05-18 17:40:44', '2019-05-18 17:40:44', '::1', '::1');
INSERT INTO configuracion_panel (id, nombre, orden, id_contenedor, alias_id, menu_id, descripcion, activo, date_created, date_updated, created_from_ip, updated_from_ip) VALUES ('f4794283-f8b4-590a-96b3-4fdc8b5a9177', 'Almacen', '0', 'Almacen', 'f9d8afa1-b3a4-599b-a903-3b9e7c7f3d5a', 'f4794283-f8b4-590a-96b3-4fdc8b5a9177', 'Almacen', 1, '2019-05-18 17:44:00', '2019-05-18 17:44:00', '::1', '::1');
INSERT INTO configuracion_panel (id, nombre, orden, id_contenedor, alias_id, menu_id, descripcion, activo, date_created, date_updated, created_from_ip, updated_from_ip) VALUES ('dd652b40-c302-5e44-b56e-929fea84c6ba', 'Subcategoría', '0', 'Subcategoria', 'f9d8afa1-b3a4-599b-a903-3b9e7c7f3d5a', 'dd652b40-c302-5e44-b56e-929fea84c6ba', 'Subcategoría', 1, '2019-05-18 17:40:08', '2019-05-19 01:22:29', '::1', '::1');
INSERT INTO configuracion_panel (id, nombre, orden, id_contenedor, alias_id, menu_id, descripcion, activo, date_created, date_updated, created_from_ip, updated_from_ip) VALUES ('96267435-35ef-5abf-976d-1b2fde83def4', 'Tipo de Entrada', '0', 'TipoEntrada', 'f9d8afa1-b3a4-599b-a903-3b9e7c7f3d5a', '96267435-35ef-5abf-976d-1b2fde83def4', 'Tipo de Entrada', 1, '2019-05-22 03:54:46', '2019-05-22 03:54:46', '::1', '::1');
INSERT INTO configuracion_panel (id, nombre, orden, id_contenedor, alias_id, menu_id, descripcion, activo, date_created, date_updated, created_from_ip, updated_from_ip) VALUES ('53351703-fdb8-526a-b298-45d24d9c4518', 'Criterio de Salida', '0', 'CriterioSalida', 'f9d8afa1-b3a4-599b-a903-3b9e7c7f3d5a', '53351703-fdb8-526a-b298-45d24d9c4518', 'Criterio de Salida', 1, '2019-05-22 03:55:09', '2019-05-22 03:55:09', '::1', '::1');
INSERT INTO configuracion_panel (id, nombre, orden, id_contenedor, alias_id, menu_id, descripcion, activo, date_created, date_updated, created_from_ip, updated_from_ip) VALUES ('29ca3bde-f8d5-5d9c-99cf-36787c971be9', 'Clasificación Contable', '0', 'ClasificacionContable', 'f9d8afa1-b3a4-599b-a903-3b9e7c7f3d5a', '29ca3bde-f8d5-5d9c-99cf-36787c971be9', 'Clasificación Contable', 1, '2019-05-22 03:56:13', '2019-05-22 03:56:13', '::1', '::1');
INSERT INTO configuracion_panel (id, nombre, orden, id_contenedor, alias_id, menu_id, descripcion, activo, date_created, date_updated, created_from_ip, updated_from_ip) VALUES ('6076fb59-83e4-5cdd-a9b6-ef4f69c632cb', 'Especificación de Insumo', '0', 'EspecificacionInsumo', 'f9d8afa1-b3a4-599b-a903-3b9e7c7f3d5a', '6076fb59-83e4-5cdd-a9b6-ef4f69c632cb', 'Especificación de Insumo', 1, '2019-05-22 03:55:40', '2019-05-22 04:06:19', '::1', '::1');
INSERT INTO configuracion_panel (id, nombre, orden, id_contenedor, alias_id, menu_id, descripcion, activo, date_created, date_updated, created_from_ip, updated_from_ip) VALUES ('6fa40d5e-bcdc-57a5-a01a-55fb93546371', 'Magnitud', '1', 'Magnitud', 'f9d8afa1-b3a4-599b-a903-3b9e7c7f3d5a', '227ac17d-f83b-5668-81ad-92c0439f6abe', 'Magnitud', 1, '2019-07-08 02:36:26', '2019-07-08 02:59:19', '127.0.0.1', '127.0.0.1');
INSERT INTO configuracion_panel (id, nombre, orden, id_contenedor, alias_id, menu_id, descripcion, activo, date_created, date_updated, created_from_ip, updated_from_ip) VALUES ('28736881-0460-52b9-bb0c-fe536571b956', 'Plaza', '2', 'Plaza', 'aa422a3d-b876-55e4-830c-399a9358fdf9', '88176fbe-aa72-5ddb-bc71-775fda9ac9e2', 'Plazas', 1, '2019-07-07 20:02:20', '2019-07-08 19:29:36', '127.0.0.1', '127.0.0.1');
INSERT INTO configuracion_panel (id, nombre, orden, id_contenedor, alias_id, menu_id, descripcion, activo, date_created, date_updated, created_from_ip, updated_from_ip) VALUES ('77af4c0a-3b4e-53d9-a28f-523e3d0d9809', 'Calendario', '0', 'Calendario', '83577388-c47a-595b-91b2-6fd9e9846d7c', '77af4c0a-3b4e-53d9-a28f-523e3d0d9809', 'Calendario', 1, '2019-07-09 22:15:15', '2019-07-09 22:15:15', '127.0.0.1', '127.0.0.1');
INSERT INTO configuracion_panel (id, nombre, orden, id_contenedor, alias_id, menu_id, descripcion, activo, date_created, date_updated, created_from_ip, updated_from_ip) VALUES ('1ed6d3f6-9a28-501e-97d5-4308b05916f8', 'Tipo de Calendario', '1', 'TipoCalendario', '83577388-c47a-595b-91b2-6fd9e9846d7c', '77af4c0a-3b4e-53d9-a28f-523e3d0d9809', 'Tipo de Calendarios', 1, '2019-07-09 23:35:12', '2019-07-10 01:55:45', '127.0.0.1', '127.0.0.1');
INSERT INTO configuracion_panel (id, nombre, orden, id_contenedor, alias_id, menu_id, descripcion, activo, date_created, date_updated, created_from_ip, updated_from_ip) VALUES ('88472c67-57f1-59c4-9d05-ecf2f21a210c', 'Personas', '1', 'Persona', 'ece97326-3294-5e23-9447-c8177233cdb5', 'b4f8b02d-3688-56d3-b418-762711a069a0', 'Personas', 1, '2018-10-21 00:25:09', '2019-07-18 04:11:11', '127.0.0.1', '127.0.0.1');
INSERT INTO configuracion_panel (id, nombre, orden, id_contenedor, alias_id, menu_id, descripcion, activo, date_created, date_updated, created_from_ip, updated_from_ip) VALUES ('e5c47224-e495-5d73-acea-7999ef544331', 'Cargos', '2', 'Cargo', 'ece97326-3294-5e23-9447-c8177233cdb5', 'b4f8b02d-3688-56d3-b418-762711a069a0', 'Cargos', 1, '2018-10-21 00:25:09', '2019-07-18 04:11:55', '127.0.0.1', '127.0.0.1');
INSERT INTO configuracion_panel (id, nombre, orden, id_contenedor, alias_id, menu_id, descripcion, activo, date_created, date_updated, created_from_ip, updated_from_ip) VALUES ('2b87185d-9756-5799-8036-6bb8e11ecdce', 'Tipo de Causa Ausencia', '0', 'TipoCausaAusencia', 'f9d8afa1-b3a4-599b-a903-3b9e7c7f3d5a', '36db4dea-627a-5d10-9643-47dc6b6ab01f', 'Tipo de Causa Ausencia', 1, '2019-07-10 19:55:56', '2019-07-10 19:55:56', '127.0.0.1', '127.0.0.1');
INSERT INTO configuracion_panel (id, nombre, orden, id_contenedor, alias_id, menu_id, descripcion, activo, date_created, date_updated, created_from_ip, updated_from_ip) VALUES ('ead2f2fe-aad2-50b1-a257-2ed1850d52f1', 'A Pagar Por', '1', 'APagarPor', 'f9d8afa1-b3a4-599b-a903-3b9e7c7f3d5a', '36db4dea-627a-5d10-9643-47dc6b6ab01f', 'A Pagar Por', 1, '2019-07-10 19:58:09', '2019-07-10 19:58:09', '127.0.0.1', '127.0.0.1');
INSERT INTO configuracion_panel (id, nombre, orden, id_contenedor, alias_id, menu_id, descripcion, activo, date_created, date_updated, created_from_ip, updated_from_ip) VALUES ('d51e5d62-8ef2-526c-b427-f9befea37777', 'Clave Subsidio', '2', 'ClaveSubsidio', '83577388-c47a-595b-91b2-6fd9e9846d7c', '605fd423-8132-59a0-9370-f83011ba1acc', 'Clave Subsidio', 1, '2019-07-11 05:25:16', '2019-07-11 05:25:16', '127.0.0.1', '127.0.0.1');
INSERT INTO configuracion_panel (id, nombre, orden, id_contenedor, alias_id, menu_id, descripcion, activo, date_created, date_updated, created_from_ip, updated_from_ip) VALUES ('66859a9c-b4b5-5f5b-a6f3-b06594e663eb', 'Tipo de Causa Subsidio', '2', 'TipoCausaSubsidio', 'f9d8afa1-b3a4-599b-a903-3b9e7c7f3d5a', '36db4dea-627a-5d10-9643-47dc6b6ab01f', 'Tipo de Causa Subsidio', 1, '2019-07-11 05:24:07', '2019-07-11 14:12:17', '127.0.0.1', '127.0.0.1');
INSERT INTO configuracion_panel (id, nombre, orden, id_contenedor, alias_id, menu_id, descripcion, activo, date_created, date_updated, created_from_ip, updated_from_ip) VALUES ('86a4f0b8-c718-55ec-a0ba-be31d9cc45ad', 'Clave de Impuntualidad', '1', 'ClaveImpuntualidad', '83577388-c47a-595b-91b2-6fd9e9846d7c', '605fd423-8132-59a0-9370-f83011ba1acc', 'Claves de Impuntualidades', 1, '2019-07-10 19:38:43', '2019-07-11 14:33:15', '127.0.0.1', '127.0.0.1');
INSERT INTO configuracion_panel (id, nombre, orden, id_contenedor, alias_id, menu_id, descripcion, activo, date_created, date_updated, created_from_ip, updated_from_ip) VALUES ('97df351d-2c25-5fc2-bde6-2df33cbca1e5', 'Clave de Ausencia', '0', 'ClaveAusencia', '83577388-c47a-595b-91b2-6fd9e9846d7c', '605fd423-8132-59a0-9370-f83011ba1acc', 'Claves de Ausencia', 1, '2019-07-10 19:36:51', '2019-07-10 19:36:51', '127.0.0.1', '127.0.0.1');
INSERT INTO configuracion_panel (id, nombre, orden, id_contenedor, alias_id, menu_id, descripcion, activo, date_created, date_updated, created_from_ip, updated_from_ip) VALUES ('6c4a8930-4c1f-5b52-9470-92176496eed9', 'Tipo de Deducción', '1', 'TipoDeduccion', '90efdca9-f7db-550e-b32b-6c9c297970fc', 'f9af3c78-1854-55e1-9002-9e6d346b733e', 'TipoDeduccion', 1, '2019-07-14 17:20:45', '2019-07-14 17:20:45', '127.0.0.1', '127.0.0.1');
INSERT INTO configuracion_panel (id, nombre, orden, id_contenedor, alias_id, menu_id, descripcion, activo, date_created, date_updated, created_from_ip, updated_from_ip) VALUES ('6bbcfdd1-4491-5b58-9107-5fd36a772c58', 'Cuenta Contable', '0', 'CuentaContable', '07f9f519-ed1b-5832-95ba-327359b447a9', '6bbcfdd1-4491-5b58-9107-5fd36a772c58', 'Cuentas Contables', 1, '2019-07-15 22:04:27', '2019-07-15 22:04:27', '127.0.0.1', '127.0.0.1');
INSERT INTO configuracion_panel (id, nombre, orden, id_contenedor, alias_id, menu_id, descripcion, activo, date_created, date_updated, created_from_ip, updated_from_ip) VALUES ('0652a9ae-b7b1-5f9c-b0fd-3e064e4c5beb', 'Tipo de Cuenta', '1', 'TipoCuenta', '07f9f519-ed1b-5832-95ba-327359b447a9', '6bbcfdd1-4491-5b58-9107-5fd36a772c58', 'Tipos de Cuentas', 1, '2019-07-15 02:59:03', '2019-07-16 02:32:18', '127.0.0.1', '127.0.0.1');
INSERT INTO configuracion_panel (id, nombre, orden, id_contenedor, alias_id, menu_id, descripcion, activo, date_created, date_updated, created_from_ip, updated_from_ip) VALUES ('d34af483-bf74-57ca-bdf0-edaa83bbd078', 'Clasificación de Tipo de Cuenta', '2', 'ClasificacionTipoCuenta', '07f9f519-ed1b-5832-95ba-327359b447a9', '6bbcfdd1-4491-5b58-9107-5fd36a772c58', 'Clasificación de Tipo de Cuenta', 1, '2019-07-15 02:58:32', '2019-07-16 02:32:46', '127.0.0.1', '127.0.0.1');
INSERT INTO configuracion_panel (id, nombre, orden, id_contenedor, alias_id, menu_id, descripcion, activo, date_created, date_updated, created_from_ip, updated_from_ip) VALUES ('f9af3c78-1854-55e1-9002-9e6d346b733e', 'Deducción', '0', 'Deduccion', '90efdca9-f7db-550e-b32b-6c9c297970fc', 'f9af3c78-1854-55e1-9002-9e6d346b733e', 'Deducciónes', 1, '2019-07-17 03:27:35', '2019-07-17 03:27:35', '127.0.0.1', '127.0.0.1');
INSERT INTO configuracion_panel (id, nombre, orden, id_contenedor, alias_id, menu_id, descripcion, activo, date_created, date_updated, created_from_ip, updated_from_ip) VALUES ('3a32f5b9-6fb9-5933-9ca3-a88598f6c119', 'Alta Empleado', '3', 'AltaEmpleado', 'ece97326-3294-5e23-9447-c8177233cdb5', 'b4f8b02d-3688-56d3-b418-762711a069a0', 'Alta Empleados', 1, '2019-07-18 04:12:43', '2019-07-19 02:28:10', '127.0.0.1', '127.0.0.1');
INSERT INTO configuracion_panel (id, nombre, orden, id_contenedor, alias_id, menu_id, descripcion, activo, date_created, date_updated, created_from_ip, updated_from_ip) VALUES ('e3b7bafe-09fe-54ef-b394-ce9ee60b611c', 'Tipo de Contrato', '0', 'TipoContrato', '90efdca9-f7db-550e-b32b-6c9c297970fc', '05987b76-76c0-537d-a8bf-ad40d770c987', 'Tipo de Contrato', 1, '2019-07-20 23:00:19', '2019-07-20 23:00:19', '127.0.0.1', '127.0.0.1');
INSERT INTO configuracion_panel (id, nombre, orden, id_contenedor, alias_id, menu_id, descripcion, activo, date_created, date_updated, created_from_ip, updated_from_ip) VALUES ('c3f3f09c-ea7c-5c81-963c-803524338726', 'Tipo de Causa', '1', 'TipoCausa', '90efdca9-f7db-550e-b32b-6c9c297970fc', '05987b76-76c0-537d-a8bf-ad40d770c987', 'Tipo de Causa', 1, '2019-07-21 01:58:46', '2019-07-21 01:58:46', '127.0.0.1', '127.0.0.1');
INSERT INTO configuracion_panel (id, nombre, orden, id_contenedor, alias_id, menu_id, descripcion, activo, date_created, date_updated, created_from_ip, updated_from_ip) VALUES ('5c8e895f-719e-5804-bd26-27abf0426726', 'Causa', '2', 'Causa', '90efdca9-f7db-550e-b32b-6c9c297970fc', '05987b76-76c0-537d-a8bf-ad40d770c987', 'Causas', 1, '2019-07-21 01:59:10', '2019-07-21 01:59:10', '127.0.0.1', '127.0.0.1');
INSERT INTO configuracion_panel (id, nombre, orden, id_contenedor, alias_id, menu_id, descripcion, activo, date_created, date_updated, created_from_ip, updated_from_ip) VALUES ('cfb37d6a-e330-5ea1-a79c-7f31d1e02e86', 'Categoría Docente', '0', 'CategoriaDocente', 'f9d8afa1-b3a4-599b-a903-3b9e7c7f3d5a', 'f0f65ba3-2c50-597d-9bd5-aaa7cefc856e', 'Categoría Docente', 1, '2019-07-21 19:24:56', '2019-07-21 19:24:56', '127.0.0.1', '127.0.0.1');
INSERT INTO configuracion_panel (id, nombre, orden, id_contenedor, alias_id, menu_id, descripcion, activo, date_created, date_updated, created_from_ip, updated_from_ip) VALUES ('1744ecbb-e648-5150-aafe-813bd335eeb5', 'Categoría Cientifica', '1', 'CategoriaCientifica', 'f9d8afa1-b3a4-599b-a903-3b9e7c7f3d5a', 'f0f65ba3-2c50-597d-9bd5-aaa7cefc856e', 'Categoría Cientifica', 1, '2019-07-21 19:25:39', '2019-07-21 19:25:39', '127.0.0.1', '127.0.0.1');
INSERT INTO configuracion_panel (id, nombre, orden, id_contenedor, alias_id, menu_id, descripcion, activo, date_created, date_updated, created_from_ip, updated_from_ip) VALUES ('207e82fe-04ee-5b6b-8a1d-b5ba73a08f01', 'Tipo de Jefe', '3', 'TipoJefe', '90efdca9-f7db-550e-b32b-6c9c297970fc', '05987b76-76c0-537d-a8bf-ad40d770c987', 'Tipo de Jefe', 1, '2019-07-21 19:55:21', '2019-07-21 19:55:21', '127.0.0.1', '127.0.0.1');
INSERT INTO configuracion_panel (id, nombre, orden, id_contenedor, alias_id, menu_id, descripcion, activo, date_created, date_updated, created_from_ip, updated_from_ip) VALUES ('6820e6c4-1809-5ebc-80c6-a0759ae32cb7', 'Profesión', '4', 'Profesion', '90efdca9-f7db-550e-b32b-6c9c297970fc', '05987b76-76c0-537d-a8bf-ad40d770c987', 'Profesión', 1, '2019-07-21 19:56:07', '2019-07-21 19:56:07', '127.0.0.1', '127.0.0.1');
INSERT INTO configuracion_panel (id, nombre, orden, id_contenedor, alias_id, menu_id, descripcion, activo, date_created, date_updated, created_from_ip, updated_from_ip) VALUES ('d2b63f2e-2fc3-5379-bbc7-005a1fb08df8', 'Pago Adicionales', '5', 'PagoAdicional', '90efdca9-f7db-550e-b32b-6c9c297970fc', '59e5f8e9-e848-5f99-829a-0981cc573c87', 'Pago Adicionales', 1, '2019-07-23 03:17:26', '2019-07-24 03:44:33', '127.0.0.1', '127.0.0.1');
INSERT INTO configuracion_panel (id, nombre, orden, id_contenedor, alias_id, menu_id, descripcion, activo, date_created, date_updated, created_from_ip, updated_from_ip) VALUES ('b147087b-7ce4-5d85-af9d-2c2d70999e62', 'Tipo de Pago', '0', 'TipoPago', '90efdca9-f7db-550e-b32b-6c9c297970fc', '59e5f8e9-e848-5f99-829a-0981cc573c87', 'Tipos de Pagos', 1, '2019-07-24 03:46:03', '2019-07-24 03:46:03', '127.0.0.1', '127.0.0.1');
INSERT INTO configuracion_panel (id, nombre, orden, id_contenedor, alias_id, menu_id, descripcion, activo, date_created, date_updated, created_from_ip, updated_from_ip) VALUES ('97aa2ae1-d5d1-5aa1-9239-288b6e862a3e', 'Regimen Salarial', '1', 'RegimenSalarial', '90efdca9-f7db-550e-b32b-6c9c297970fc', '59e5f8e9-e848-5f99-829a-0981cc573c87', 'Regimenes Salariales', 1, '2019-07-24 03:46:23', '2019-07-24 03:46:23', '127.0.0.1', '127.0.0.1');
INSERT INTO configuracion_panel (id, nombre, orden, id_contenedor, alias_id, menu_id, descripcion, activo, date_created, date_updated, created_from_ip, updated_from_ip) VALUES ('f43f3284-2477-5ff6-b0c4-c87949ef35dd', 'Salario Adicional', '3', 'SalarioAdicional', '90efdca9-f7db-550e-b32b-6c9c297970fc', '59e5f8e9-e848-5f99-829a-0981cc573c87', 'Salario Adicionales', 1, '2019-07-24 23:06:28', '2019-07-24 23:06:28', '127.0.0.1', '127.0.0.1');
INSERT INTO configuracion_panel (id, nombre, orden, id_contenedor, alias_id, menu_id, descripcion, activo, date_created, date_updated, created_from_ip, updated_from_ip) VALUES ('ab2929c3-95f4-5216-9b7a-0502ec5d80a0', 'Organización Política', '5', 'OrganizacionPolitica', '90efdca9-f7db-550e-b32b-6c9c297970fc', '05987b76-76c0-537d-a8bf-ad40d770c987', 'Organizaciones Politicas', 1, '2019-07-25 00:58:10', '2019-07-25 00:59:09', '127.0.0.1', '127.0.0.1');
INSERT INTO configuracion_panel (id, nombre, orden, id_contenedor, alias_id, menu_id, descripcion, activo, date_created, date_updated, created_from_ip, updated_from_ip) VALUES ('196b674f-6221-59a2-8e1e-bce357bac857', 'Idioma', '0', 'Idioma', 'aff55306-ba8f-5cee-8c39-02b91a690605', '227d204e-76b3-5c0d-851f-678d4c5df820', 'Para la gestion de los Idiomas', 1, '2019-07-25 01:23:32', '2019-07-25 01:23:32', '127.0.0.1', '127.0.0.1');


--
-- TOC entry 2447 (class 0 OID 16680)
-- Dependencies: 193
-- Data for Name: estructura_area; Type: TABLE DATA; Schema: public; Owner: cerodatax
--

INSERT INTO estructura_area (id, nombre, leaf, orden, parent_id, date_created, date_updated, created_from_ip, updated_from_ip, codigo) VALUES ('c36ed01f-7cdc-54ac-a650-916a0999faf2', 'Economía', 1, NULL, NULL, '2019-07-11 04:42:04', '2019-07-11 04:42:04', '127.0.0.1', '127.0.0.1', '02');
INSERT INTO estructura_area (id, nombre, leaf, orden, parent_id, date_created, date_updated, created_from_ip, updated_from_ip, codigo) VALUES ('804508d4-bf52-5936-a08c-81923e09b865', 'Compras', 1, NULL, NULL, '2019-07-11 04:42:27', '2019-07-11 04:42:27', '127.0.0.1', '127.0.0.1', '03');
INSERT INTO estructura_area (id, nombre, leaf, orden, parent_id, date_created, date_updated, created_from_ip, updated_from_ip, codigo) VALUES ('1ab0e520-9432-5306-a10f-ae0b652a7d8f', 'Ventas', 1, NULL, NULL, '2019-07-11 04:42:41', '2019-07-11 04:42:41', '127.0.0.1', '127.0.0.1', '04');
INSERT INTO estructura_area (id, nombre, leaf, orden, parent_id, date_created, date_updated, created_from_ip, updated_from_ip, codigo) VALUES ('a94d1f17-4c1d-598f-b87c-fd75d90297e1', 'Distribuición', 1, NULL, NULL, '2019-07-11 04:43:06', '2019-07-11 04:43:06', '127.0.0.1', '127.0.0.1', '05');
INSERT INTO estructura_area (id, nombre, leaf, orden, parent_id, date_created, date_updated, created_from_ip, updated_from_ip, codigo) VALUES ('8763e36d-3f22-534f-aecf-dc2121a1020b', 'Operaciones', 1, NULL, NULL, '2019-07-11 04:43:18', '2019-07-11 04:43:18', '127.0.0.1', '127.0.0.1', '06');
INSERT INTO estructura_area (id, nombre, leaf, orden, parent_id, date_created, date_updated, created_from_ip, updated_from_ip, codigo) VALUES ('c7163e8c-531c-5116-be90-31ecbdf9ca11', 'Inversiones', 1, NULL, NULL, '2019-07-11 04:43:36', '2019-07-11 04:43:36', '127.0.0.1', '127.0.0.1', '07');
INSERT INTO estructura_area (id, nombre, leaf, orden, parent_id, date_created, date_updated, created_from_ip, updated_from_ip, codigo) VALUES ('55157dca-8d30-57a7-a217-1016200dac69', 'Explotación', 1, NULL, NULL, '2019-07-11 04:43:49', '2019-07-11 04:43:49', '127.0.0.1', '127.0.0.1', '08');
INSERT INTO estructura_area (id, nombre, leaf, orden, parent_id, date_created, date_updated, created_from_ip, updated_from_ip, codigo) VALUES ('7156e502-4639-5a96-b87f-5d5543eb68ed', 'Informática', 1, NULL, NULL, '2019-07-11 04:44:02', '2019-07-11 04:44:02', '127.0.0.1', '127.0.0.1', '09');
INSERT INTO estructura_area (id, nombre, leaf, orden, parent_id, date_created, date_updated, created_from_ip, updated_from_ip, codigo) VALUES ('495b97b1-8d5c-50ea-a63c-06e408bf559b', 'Almacenes', 1, NULL, NULL, '2019-07-11 04:44:16', '2019-07-11 04:44:16', '127.0.0.1', '127.0.0.1', '10');
INSERT INTO estructura_area (id, nombre, leaf, orden, parent_id, date_created, date_updated, created_from_ip, updated_from_ip, codigo) VALUES ('04930094-4c76-56b2-a33c-dce031ac5b21', 'Calidad', 1, NULL, NULL, '2019-07-11 04:44:24', '2019-07-11 04:44:24', '127.0.0.1', '127.0.0.1', '11');
INSERT INTO estructura_area (id, nombre, leaf, orden, parent_id, date_created, date_updated, created_from_ip, updated_from_ip, codigo) VALUES ('33341b49-4c01-5048-baeb-8f6b4d3f5497', 'Recursos Humanos', 1, NULL, NULL, '2019-07-11 04:44:35', '2019-07-11 04:44:35', '127.0.0.1', '127.0.0.1', '12');
INSERT INTO estructura_area (id, nombre, leaf, orden, parent_id, date_created, date_updated, created_from_ip, updated_from_ip, codigo) VALUES ('15290e7e-6c6a-5d8b-ba8c-17e3f9c8df32', 'Comercialización', 1, NULL, NULL, '2019-07-18 03:20:59', '2019-07-18 03:20:59', '127.0.0.1', '127.0.0.1', '01');
INSERT INTO estructura_area (id, nombre, leaf, orden, parent_id, date_created, date_updated, created_from_ip, updated_from_ip, codigo) VALUES ('35599f91-25ea-56d4-a819-ccb9f777b781', 'Dirección', 1, NULL, NULL, '2019-07-18 03:22:36', '2019-07-21 19:36:00', '127.0.0.1', '127.0.0.1', '13');


--
-- TOC entry 2459 (class 0 OID 40100)
-- Dependencies: 257
-- Data for Name: nomenclador_apagarpor; Type: TABLE DATA; Schema: public; Owner: postgres
--

INSERT INTO nomenclador_apagarpor (id, codigo, nombre, descripcion, date_created, date_updated, created_from_ip, updated_from_ip) VALUES ('639698b2-33f1-5082-b610-3e8c5c8e9f66', '01', 'Nada', 'Nada', '2019-07-10 22:18:31', '2019-07-10 22:18:31', '127.0.0.1', '127.0.0.1');
INSERT INTO nomenclador_apagarpor (id, codigo, nombre, descripcion, date_created, date_updated, created_from_ip, updated_from_ip) VALUES ('42e1cf3f-ff22-5cd7-88bb-eb649c9bd5c9', '02', 'Interrupciones', 'Interrupciones', '2019-07-10 22:18:43', '2019-07-10 22:18:43', '127.0.0.1', '127.0.0.1');
INSERT INTO nomenclador_apagarpor (id, codigo, nombre, descripcion, date_created, date_updated, created_from_ip, updated_from_ip) VALUES ('0e4f63ab-1efa-53a0-93c9-49462d3aebbf', '03', 'Interruptos Reubicados', 'Interruptos Reubicados', '2019-07-10 22:18:54', '2019-07-10 22:18:54', '127.0.0.1', '127.0.0.1');
INSERT INTO nomenclador_apagarpor (id, codigo, nombre, descripcion, date_created, date_updated, created_from_ip, updated_from_ip) VALUES ('8cc02d6a-1ef2-5d2e-9e66-a1c44c36073c', '04', 'Subsidio con Reporte', 'Subsidio con Reporte', '2019-07-10 22:19:08', '2019-07-10 22:19:08', '127.0.0.1', '127.0.0.1');
INSERT INTO nomenclador_apagarpor (id, codigo, nombre, descripcion, date_created, date_updated, created_from_ip, updated_from_ip) VALUES ('892d1db7-2076-5906-aef3-c98673095ec9', '05', 'Subsidio sin Reporte', 'Subsidio sin Reporte', '2019-07-10 22:19:18', '2019-07-10 22:19:18', '127.0.0.1', '127.0.0.1');
INSERT INTO nomenclador_apagarpor (id, codigo, nombre, descripcion, date_created, date_updated, created_from_ip, updated_from_ip) VALUES ('f616e9b4-e679-5ddc-8ef3-70c0e7c52cbf', '06', 'Suspensión Laboral', 'Suspensión Laboral', '2019-07-10 22:19:28', '2019-07-10 22:19:28', '127.0.0.1', '127.0.0.1');


--
-- TOC entry 2472 (class 0 OID 49801)
-- Dependencies: 271
-- Data for Name: nomenclador_categoriacientifica; Type: TABLE DATA; Schema: public; Owner: postgres
--

INSERT INTO nomenclador_categoriacientifica (id, codigo, nombre, date_created, date_updated, created_from_ip, updated_from_ip) VALUES ('6af2628e-316a-52ab-ab4b-c05b71de5d46', '01', 'Postgrado', '2019-07-21 19:28:05', '2019-07-21 19:28:05', '127.0.0.1', '127.0.0.1');
INSERT INTO nomenclador_categoriacientifica (id, codigo, nombre, date_created, date_updated, created_from_ip, updated_from_ip) VALUES ('1587cf64-887f-55c0-9e90-84f621d3d19f', '02', 'Master', '2019-07-21 19:28:16', '2019-07-21 19:28:16', '127.0.0.1', '127.0.0.1');
INSERT INTO nomenclador_categoriacientifica (id, codigo, nombre, date_created, date_updated, created_from_ip, updated_from_ip) VALUES ('7338ef97-0081-55a2-a3ba-86eba1779518', '03', 'Doctor', '2019-07-21 19:28:29', '2019-07-21 19:28:29', '127.0.0.1', '127.0.0.1');


--
-- TOC entry 2471 (class 0 OID 49793)
-- Dependencies: 270
-- Data for Name: nomenclador_categoriadocente; Type: TABLE DATA; Schema: public; Owner: postgres
--

INSERT INTO nomenclador_categoriadocente (id, codigo, nombre, date_created, date_updated, created_from_ip, updated_from_ip) VALUES ('b72c2008-9f58-53e7-9271-46087a3de539', '01', 'Asistente', '2019-07-21 19:26:32', '2019-07-21 19:26:32', '127.0.0.1', '127.0.0.1');
INSERT INTO nomenclador_categoriadocente (id, codigo, nombre, date_created, date_updated, created_from_ip, updated_from_ip) VALUES ('ea73bfe6-ba63-56a3-9f32-89fdaeb04cb0', '02', 'Auxiliar', '2019-07-21 19:26:50', '2019-07-21 19:26:50', '127.0.0.1', '127.0.0.1');
INSERT INTO nomenclador_categoriadocente (id, codigo, nombre, date_created, date_updated, created_from_ip, updated_from_ip) VALUES ('be8c3fe9-161d-5063-99c9-c457cb95607b', '03', 'Titular', '2019-07-21 19:27:03', '2019-07-21 19:27:03', '127.0.0.1', '127.0.0.1');
INSERT INTO nomenclador_categoriadocente (id, codigo, nombre, date_created, date_updated, created_from_ip, updated_from_ip) VALUES ('fc774f8d-1f01-5869-a5f6-dc79162efda3', '04', 'Instructor', '2019-07-21 19:27:16', '2019-07-21 19:27:16', '127.0.0.1', '127.0.0.1');


--
-- TOC entry 2464 (class 0 OID 40229)
-- Dependencies: 262
-- Data for Name: nomenclador_contabilidad_tipocuenta; Type: TABLE DATA; Schema: public; Owner: postgres
--

INSERT INTO nomenclador_contabilidad_tipocuenta (id, nombre, date_created, date_updated, created_from_ip, updated_from_ip) VALUES ('0bf84e46-09a2-50a5-9272-f1eddbcddacf', 'Activos', '2019-07-16 04:48:53', '2019-07-16 04:48:53', '127.0.0.1', '127.0.0.1');
INSERT INTO nomenclador_contabilidad_tipocuenta (id, nombre, date_created, date_updated, created_from_ip, updated_from_ip) VALUES ('2e91ffa6-cc58-5e76-a8f5-a7e092c2c63b', 'Pasivos', '2019-07-16 04:52:42', '2019-07-16 04:52:42', '127.0.0.1', '127.0.0.1');
INSERT INTO nomenclador_contabilidad_tipocuenta (id, nombre, date_created, date_updated, created_from_ip, updated_from_ip) VALUES ('911bd883-7687-562b-8677-853c9ce6a637', 'Ingresos', '2019-07-16 04:52:51', '2019-07-16 04:52:51', '127.0.0.1', '127.0.0.1');
INSERT INTO nomenclador_contabilidad_tipocuenta (id, nombre, date_created, date_updated, created_from_ip, updated_from_ip) VALUES ('120ce118-c272-59fa-901b-fb9a8ecdb04f', 'Egresos', '2019-07-16 04:52:58', '2019-07-16 04:52:58', '127.0.0.1', '127.0.0.1');
INSERT INTO nomenclador_contabilidad_tipocuenta (id, nombre, date_created, date_updated, created_from_ip, updated_from_ip) VALUES ('abebf510-ead4-5864-82e3-2ae9266e6e65', 'Capital', '2019-07-16 04:53:06', '2019-07-16 04:53:06', '127.0.0.1', '127.0.0.1');
INSERT INTO nomenclador_contabilidad_tipocuenta (id, nombre, date_created, date_updated, created_from_ip, updated_from_ip) VALUES ('4e17303f-6bc3-5c94-a820-c2ca612bd8f5', 'Pérdida ó Ganancia', '2019-07-16 04:53:42', '2019-07-16 04:53:42', '127.0.0.1', '127.0.0.1');
INSERT INTO nomenclador_contabilidad_tipocuenta (id, nombre, date_created, date_updated, created_from_ip, updated_from_ip) VALUES ('234805f9-c436-519b-9c4f-4b0c2713c6fc', 'Memo', '2019-07-16 04:53:50', '2019-07-16 04:53:50', '127.0.0.1', '127.0.0.1');


--
-- TOC entry 2465 (class 0 OID 40317)
-- Dependencies: 263
-- Data for Name: nomenclador_contabilidad_clasificaciontipocuenta; Type: TABLE DATA; Schema: public; Owner: postgres
--

INSERT INTO nomenclador_contabilidad_clasificaciontipocuenta (id, nombre, tipocuenta_id, date_created, date_updated, created_from_ip, updated_from_ip) VALUES ('5024857e-a048-5cbf-a257-6454966cf2f7', 'Circulante', '0bf84e46-09a2-50a5-9272-f1eddbcddacf', '2019-07-16 23:13:55', '2019-07-16 23:13:55', '127.0.0.1', '127.0.0.1');
INSERT INTO nomenclador_contabilidad_clasificaciontipocuenta (id, nombre, tipocuenta_id, date_created, date_updated, created_from_ip, updated_from_ip) VALUES ('7d2eedfb-2f97-5e9e-9fdb-3d9608a8ff98', 'Inversiones Permanentes', '0bf84e46-09a2-50a5-9272-f1eddbcddacf', '2019-07-16 23:14:43', '2019-07-16 23:14:43', '127.0.0.1', '127.0.0.1');
INSERT INTO nomenclador_contabilidad_clasificaciontipocuenta (id, nombre, tipocuenta_id, date_created, date_updated, created_from_ip, updated_from_ip) VALUES ('8b4784bc-195e-5a71-83af-68f46b958023', 'A Largo Plazo', '0bf84e46-09a2-50a5-9272-f1eddbcddacf', '2019-07-16 23:14:55', '2019-07-16 23:14:55', '127.0.0.1', '127.0.0.1');
INSERT INTO nomenclador_contabilidad_clasificaciontipocuenta (id, nombre, tipocuenta_id, date_created, date_updated, created_from_ip, updated_from_ip) VALUES ('b72ab8f2-902a-50da-a7ac-442db97ec17a', 'Fijo Tagible', '0bf84e46-09a2-50a5-9272-f1eddbcddacf', '2019-07-16 23:15:09', '2019-07-16 23:15:09', '127.0.0.1', '127.0.0.1');
INSERT INTO nomenclador_contabilidad_clasificaciontipocuenta (id, nombre, tipocuenta_id, date_created, date_updated, created_from_ip, updated_from_ip) VALUES ('63a4485a-c447-51b1-b126-31f375629445', 'Fijo Intangible', '0bf84e46-09a2-50a5-9272-f1eddbcddacf', '2019-07-16 23:15:26', '2019-07-16 23:15:26', '127.0.0.1', '127.0.0.1');
INSERT INTO nomenclador_contabilidad_clasificaciontipocuenta (id, nombre, tipocuenta_id, date_created, date_updated, created_from_ip, updated_from_ip) VALUES ('56ef801d-676b-5a9e-a25e-129ece1c9bb8', 'Cargos Diferidos', '0bf84e46-09a2-50a5-9272-f1eddbcddacf', '2019-07-16 23:15:39', '2019-07-16 23:15:39', '127.0.0.1', '127.0.0.1');
INSERT INTO nomenclador_contabilidad_clasificaciontipocuenta (id, nombre, tipocuenta_id, date_created, date_updated, created_from_ip, updated_from_ip) VALUES ('65aa2a60-312f-54dc-83e5-10897d6069f3', 'Otros Activos', '0bf84e46-09a2-50a5-9272-f1eddbcddacf', '2019-07-16 23:15:50', '2019-07-16 23:15:50', '127.0.0.1', '127.0.0.1');
INSERT INTO nomenclador_contabilidad_clasificaciontipocuenta (id, nombre, tipocuenta_id, date_created, date_updated, created_from_ip, updated_from_ip) VALUES ('685d434f-51a7-556e-bd83-87ece157c80e', 'Circulante', '2e91ffa6-cc58-5e76-a8f5-a7e092c2c63b', '2019-07-17 00:36:51', '2019-07-17 00:36:51', '127.0.0.1', '127.0.0.1');
INSERT INTO nomenclador_contabilidad_clasificaciontipocuenta (id, nombre, tipocuenta_id, date_created, date_updated, created_from_ip, updated_from_ip) VALUES ('96f7c262-116f-5674-8f92-23f1d709a031', 'A Largo Plazo', '2e91ffa6-cc58-5e76-a8f5-a7e092c2c63b', '2019-07-17 00:37:32', '2019-07-17 00:37:32', '127.0.0.1', '127.0.0.1');
INSERT INTO nomenclador_contabilidad_clasificaciontipocuenta (id, nombre, tipocuenta_id, date_created, date_updated, created_from_ip, updated_from_ip) VALUES ('1fac120a-f997-5a07-9fa0-af5b63034e0f', 'Créditos Diferidos', '2e91ffa6-cc58-5e76-a8f5-a7e092c2c63b', '2019-07-17 00:38:01', '2019-07-17 00:38:01', '127.0.0.1', '127.0.0.1');
INSERT INTO nomenclador_contabilidad_clasificaciontipocuenta (id, nombre, tipocuenta_id, date_created, date_updated, created_from_ip, updated_from_ip) VALUES ('bda1c65c-f6b1-567b-8933-e55b425f5580', 'Otros Pasivos', '2e91ffa6-cc58-5e76-a8f5-a7e092c2c63b', '2019-07-17 00:38:24', '2019-07-17 00:38:24', '127.0.0.1', '127.0.0.1');
INSERT INTO nomenclador_contabilidad_clasificaciontipocuenta (id, nombre, tipocuenta_id, date_created, date_updated, created_from_ip, updated_from_ip) VALUES ('f7c20485-ef3d-504e-b47c-b6547da0849e', 'Principales', '911bd883-7687-562b-8677-853c9ce6a637', '2019-07-17 00:38:38', '2019-07-17 00:38:38', '127.0.0.1', '127.0.0.1');
INSERT INTO nomenclador_contabilidad_clasificaciontipocuenta (id, nombre, tipocuenta_id, date_created, date_updated, created_from_ip, updated_from_ip) VALUES ('33228571-861f-51ac-888b-562439aa4f66', 'Secundarios', '911bd883-7687-562b-8677-853c9ce6a637', '2019-07-17 00:38:54', '2019-07-17 00:38:54', '127.0.0.1', '127.0.0.1');
INSERT INTO nomenclador_contabilidad_clasificaciontipocuenta (id, nombre, tipocuenta_id, date_created, date_updated, created_from_ip, updated_from_ip) VALUES ('4a2a38de-40ff-5b81-a00b-f424448fda66', 'Costo', '120ce118-c272-59fa-901b-fb9a8ecdb04f', '2019-07-17 00:39:08', '2019-07-17 00:39:08', '127.0.0.1', '127.0.0.1');
INSERT INTO nomenclador_contabilidad_clasificaciontipocuenta (id, nombre, tipocuenta_id, date_created, date_updated, created_from_ip, updated_from_ip) VALUES ('3da1fa7c-875d-5d94-933d-d65b11686b10', 'Gastos Operación', '120ce118-c272-59fa-901b-fb9a8ecdb04f', '2019-07-17 00:39:30', '2019-07-17 00:39:30', '127.0.0.1', '127.0.0.1');
INSERT INTO nomenclador_contabilidad_clasificaciontipocuenta (id, nombre, tipocuenta_id, date_created, date_updated, created_from_ip, updated_from_ip) VALUES ('db2629f9-88f1-5c1b-bf79-e14363e75dbe', 'Otros Egresos', '120ce118-c272-59fa-901b-fb9a8ecdb04f', '2019-07-17 00:39:41', '2019-07-17 00:39:41', '127.0.0.1', '127.0.0.1');
INSERT INTO nomenclador_contabilidad_clasificaciontipocuenta (id, nombre, tipocuenta_id, date_created, date_updated, created_from_ip, updated_from_ip) VALUES ('a6b97b43-f3c1-53e4-af5c-bcc4c65cafe7', 'Capital', 'abebf510-ead4-5864-82e3-2ae9266e6e65', '2019-07-17 00:39:54', '2019-07-17 00:39:54', '127.0.0.1', '127.0.0.1');
INSERT INTO nomenclador_contabilidad_clasificaciontipocuenta (id, nombre, tipocuenta_id, date_created, date_updated, created_from_ip, updated_from_ip) VALUES ('21f3d930-2287-5c40-abac-1a023ad5d714', 'Cuenta Personal', 'abebf510-ead4-5864-82e3-2ae9266e6e65', '2019-07-17 00:40:05', '2019-07-17 00:40:05', '127.0.0.1', '127.0.0.1');
INSERT INTO nomenclador_contabilidad_clasificaciontipocuenta (id, nombre, tipocuenta_id, date_created, date_updated, created_from_ip, updated_from_ip) VALUES ('66edb5d7-cd00-51fa-b884-5cdf9c5f761d', 'Del Período', '4e17303f-6bc3-5c94-a820-c2ca612bd8f5', '2019-07-17 00:40:44', '2019-07-17 00:40:44', '127.0.0.1', '127.0.0.1');
INSERT INTO nomenclador_contabilidad_clasificaciontipocuenta (id, nombre, tipocuenta_id, date_created, date_updated, created_from_ip, updated_from_ip) VALUES ('73767a9d-8a32-56cf-9218-c1cc74bea8bd', 'Período Anterior', '4e17303f-6bc3-5c94-a820-c2ca612bd8f5', '2019-07-17 00:41:03', '2019-07-17 00:41:03', '127.0.0.1', '127.0.0.1');
INSERT INTO nomenclador_contabilidad_clasificaciontipocuenta (id, nombre, tipocuenta_id, date_created, date_updated, created_from_ip, updated_from_ip) VALUES ('eb809990-e175-5ffc-820f-c7010afec2b9', 'Memo', '234805f9-c436-519b-9c4f-4b0c2713c6fc', '2019-07-17 00:41:11', '2019-07-17 00:41:11', '127.0.0.1', '127.0.0.1');


--
-- TOC entry 2454 (class 0 OID 39842)
-- Dependencies: 249
-- Data for Name: nomenclador_magnitud; Type: TABLE DATA; Schema: public; Owner: postgres
--

INSERT INTO nomenclador_magnitud (id, nombre, descripcion, date_created, date_updated, created_from_ip, updated_from_ip) VALUES ('d057a17f-bd63-509c-b6d3-0d02c8e5d580', 'Longitud', 'Para medir las distancias', '2019-07-08 03:16:11', '2019-07-08 03:16:11', '127.0.0.1', '127.0.0.1');
INSERT INTO nomenclador_magnitud (id, nombre, descripcion, date_created, date_updated, created_from_ip, updated_from_ip) VALUES ('bf4d7003-3d20-5d84-be49-c68bbd3a6b26', 'Tiempo', NULL, '2019-07-08 03:30:45', '2019-07-08 03:30:45', '127.0.0.1', '127.0.0.1');
INSERT INTO nomenclador_magnitud (id, nombre, descripcion, date_created, date_updated, created_from_ip, updated_from_ip) VALUES ('f45c3466-b6f2-5e05-af60-f538cc9275c4', 'Peso y Masa', NULL, '2019-07-08 03:30:36', '2019-07-08 03:31:32', '127.0.0.1', '127.0.0.1');
INSERT INTO nomenclador_magnitud (id, nombre, descripcion, date_created, date_updated, created_from_ip, updated_from_ip) VALUES ('28d64c9a-07f3-5d7e-9b16-22decd9b101b', 'Volumen', NULL, '2019-07-08 03:31:42', '2019-07-08 03:31:42', '127.0.0.1', '127.0.0.1');
INSERT INTO nomenclador_magnitud (id, nombre, descripcion, date_created, date_updated, created_from_ip, updated_from_ip) VALUES ('d5d6c3b6-67af-540d-af88-3dbbc1e619c0', 'Temperatura', NULL, '2019-07-08 03:31:59', '2019-07-08 03:31:59', '127.0.0.1', '127.0.0.1');
INSERT INTO nomenclador_magnitud (id, nombre, descripcion, date_created, date_updated, created_from_ip, updated_from_ip) VALUES ('fff1a959-313a-528f-9b19-73e97dcfa71b', 'Énergia', NULL, '2019-07-08 03:32:05', '2019-07-08 03:32:05', '127.0.0.1', '127.0.0.1');
INSERT INTO nomenclador_magnitud (id, nombre, descripcion, date_created, date_updated, created_from_ip, updated_from_ip) VALUES ('a5bb7614-fbb8-5dfd-ab74-cd5370c28172', 'Área', NULL, '2019-07-08 03:32:30', '2019-07-08 03:32:30', '127.0.0.1', '127.0.0.1');
INSERT INTO nomenclador_magnitud (id, nombre, descripcion, date_created, date_updated, created_from_ip, updated_from_ip) VALUES ('d7014c9d-6cb9-57ba-b242-a4607c99d8a8', 'Velocidad', NULL, '2019-07-08 03:32:40', '2019-07-08 03:32:40', '127.0.0.1', '127.0.0.1');
INSERT INTO nomenclador_magnitud (id, nombre, descripcion, date_created, date_updated, created_from_ip, updated_from_ip) VALUES ('f0ff8114-234e-5381-98a3-aa70b597d2f6', 'Potencia', NULL, '2019-07-08 03:33:00', '2019-07-08 03:33:00', '127.0.0.1', '127.0.0.1');
INSERT INTO nomenclador_magnitud (id, nombre, descripcion, date_created, date_updated, created_from_ip, updated_from_ip) VALUES ('b0b1860c-8863-5a21-ac38-c70439a372e9', 'Presión', NULL, '2019-07-08 03:33:11', '2019-07-08 03:33:11', '127.0.0.1', '127.0.0.1');
INSERT INTO nomenclador_magnitud (id, nombre, descripcion, date_created, date_updated, created_from_ip, updated_from_ip) VALUES ('fe4233e7-c692-5796-9593-7d6f9fc4a396', 'Ángulo', NULL, '2019-07-08 03:33:21', '2019-07-08 03:33:21', '127.0.0.1', '127.0.0.1');
INSERT INTO nomenclador_magnitud (id, nombre, descripcion, date_created, date_updated, created_from_ip, updated_from_ip) VALUES ('c8f70dd7-3df4-5f3f-8509-1c94853e21eb', 'Datos', NULL, '2019-07-08 03:33:30', '2019-07-08 03:33:30', '127.0.0.1', '127.0.0.1');


--
-- TOC entry 2469 (class 0 OID 45558)
-- Dependencies: 268
-- Data for Name: nomenclador_rh_tipocausa; Type: TABLE DATA; Schema: public; Owner: postgres
--

INSERT INTO nomenclador_rh_tipocausa (id, codigo, nombre, date_created, date_updated, created_from_ip, updated_from_ip) VALUES ('3ad04183-4e36-5896-99ef-340ffdcc4ebe', '01', 'Activación al Contrato', '2019-07-21 04:23:17', '2019-07-21 04:24:41', '127.0.0.1', '127.0.0.1');
INSERT INTO nomenclador_rh_tipocausa (id, codigo, nombre, date_created, date_updated, created_from_ip, updated_from_ip) VALUES ('98a40597-86e3-5e96-bfc8-47445a25abeb', '02', 'Alta', '2019-07-21 04:23:26', '2019-07-21 04:25:11', '127.0.0.1', '127.0.0.1');
INSERT INTO nomenclador_rh_tipocausa (id, codigo, nombre, date_created, date_updated, created_from_ip, updated_from_ip) VALUES ('484da744-d1d3-5f52-9dc0-d2a4e06d71cd', '03', 'Suspensión', '2019-07-21 04:23:36', '2019-07-21 04:25:27', '127.0.0.1', '127.0.0.1');
INSERT INTO nomenclador_rh_tipocausa (id, codigo, nombre, date_created, date_updated, created_from_ip, updated_from_ip) VALUES ('1f133314-6b3b-5f31-8355-d54a4ab7402c', '04', 'Cambio', '2019-07-21 04:25:52', '2019-07-21 04:25:52', '127.0.0.1', '127.0.0.1');
INSERT INTO nomenclador_rh_tipocausa (id, codigo, nombre, date_created, date_updated, created_from_ip, updated_from_ip) VALUES ('0defe8e1-6024-51d1-bbd1-ecea040654e3', '05', 'Baja', '2019-07-21 04:26:01', '2019-07-21 04:26:01', '127.0.0.1', '127.0.0.1');
INSERT INTO nomenclador_rh_tipocausa (id, codigo, nombre, date_created, date_updated, created_from_ip, updated_from_ip) VALUES ('f8fc10bf-e467-5c06-a4b1-22bb3fff2c0e', '06', 'Término del Contrato', '2019-07-21 04:26:14', '2019-07-21 04:26:14', '127.0.0.1', '127.0.0.1');


--
-- TOC entry 2470 (class 0 OID 49776)
-- Dependencies: 269
-- Data for Name: nomenclador_rh_causa; Type: TABLE DATA; Schema: public; Owner: postgres
--

INSERT INTO nomenclador_rh_causa (id, codigo, nombre, tipocausa_id, date_created, date_updated, created_from_ip, updated_from_ip) VALUES ('9b88c12a-c762-5e29-af2b-da92d83e7b7e', '01', 'Cambio de Tipo de Contrato', '1f133314-6b3b-5f31-8355-d54a4ab7402c', '2019-07-21 04:32:01', '2019-07-21 04:32:01', '127.0.0.1', '127.0.0.1');
INSERT INTO nomenclador_rh_causa (id, codigo, nombre, tipocausa_id, date_created, date_updated, created_from_ip, updated_from_ip) VALUES ('e1516d3f-b4d5-57c5-ba1e-c33321b68b20', '02', 'Migratoria', '98a40597-86e3-5e96-bfc8-47445a25abeb', '2019-07-21 04:33:00', '2019-07-21 04:33:00', '127.0.0.1', '127.0.0.1');
INSERT INTO nomenclador_rh_causa (id, codigo, nombre, tipocausa_id, date_created, date_updated, created_from_ip, updated_from_ip) VALUES ('e4cbc34c-d0c6-5c50-8bb2-7b6ea2fd3b24', '04', 'Alta Contrato Indeterminado', '98a40597-86e3-5e96-bfc8-47445a25abeb', '2019-07-21 04:34:08', '2019-07-21 04:34:08', '127.0.0.1', '127.0.0.1');
INSERT INTO nomenclador_rh_causa (id, codigo, nombre, tipocausa_id, date_created, date_updated, created_from_ip, updated_from_ip) VALUES ('745545d7-cb49-5da7-a76c-9c4a36c57efa', '05', 'Termino de la Suspensión', '3ad04183-4e36-5896-99ef-340ffdcc4ebe', '2019-07-21 04:34:18', '2019-07-21 04:34:45', '127.0.0.1', '127.0.0.1');
INSERT INTO nomenclador_rh_causa (id, codigo, nombre, tipocausa_id, date_created, date_updated, created_from_ip, updated_from_ip) VALUES ('10f4fcc8-7925-549e-9fee-e2e6bb42fe82', '06', 'Alta Contrato Determinado', '98a40597-86e3-5e96-bfc8-47445a25abeb', '2019-07-21 04:35:04', '2019-07-21 04:35:04', '127.0.0.1', '127.0.0.1');
INSERT INTO nomenclador_rh_causa (id, codigo, nombre, tipocausa_id, date_created, date_updated, created_from_ip, updated_from_ip) VALUES ('e1228385-d06d-5aa4-8519-7df0c7c63915', '07', 'Alta Contrato Pluriempleo', '98a40597-86e3-5e96-bfc8-47445a25abeb', '2019-07-21 04:35:26', '2019-07-21 04:35:26', '127.0.0.1', '127.0.0.1');
INSERT INTO nomenclador_rh_causa (id, codigo, nombre, tipocausa_id, date_created, date_updated, created_from_ip, updated_from_ip) VALUES ('f6a65958-c16f-5413-9446-0c3d69445086', '08', 'Otras', '98a40597-86e3-5e96-bfc8-47445a25abeb', '2019-07-21 04:35:39', '2019-07-21 04:35:39', '127.0.0.1', '127.0.0.1');
INSERT INTO nomenclador_rh_causa (id, codigo, nombre, tipocausa_id, date_created, date_updated, created_from_ip, updated_from_ip) VALUES ('3c74dc6f-8aac-5327-be47-d80c2d0a2da8', '09', 'Pago por Antigüedad', '1f133314-6b3b-5f31-8355-d54a4ab7402c', '2019-07-21 04:36:10', '2019-07-21 04:36:10', '127.0.0.1', '127.0.0.1');
INSERT INTO nomenclador_rh_causa (id, codigo, nombre, tipocausa_id, date_created, date_updated, created_from_ip, updated_from_ip) VALUES ('a7425c64-ce92-575a-a414-9adee51b45c6', '03', 'Alta Por Designación Mediante Resolución o Escrito', '98a40597-86e3-5e96-bfc8-47445a25abeb', '2019-07-21 04:33:34', '2019-07-21 04:36:50', '127.0.0.1', '127.0.0.1');
INSERT INTO nomenclador_rh_causa (id, codigo, nombre, tipocausa_id, date_created, date_updated, created_from_ip, updated_from_ip) VALUES ('28b86178-44f0-5481-9c0b-f4d7733c0763', '10', 'Término de Sanción Disciplinaria', '1f133314-6b3b-5f31-8355-d54a4ab7402c', '2019-07-21 04:37:40', '2019-07-21 04:37:40', '127.0.0.1', '127.0.0.1');
INSERT INTO nomenclador_rh_causa (id, codigo, nombre, tipocausa_id, date_created, date_updated, created_from_ip, updated_from_ip) VALUES ('6b4ed14a-0306-552c-80eb-9f89185b7c58', '11', 'Otras', '1f133314-6b3b-5f31-8355-d54a4ab7402c', '2019-07-21 04:50:10', '2019-07-21 04:50:10', '127.0.0.1', '127.0.0.1');
INSERT INTO nomenclador_rh_causa (id, codigo, nombre, tipocausa_id, date_created, date_updated, created_from_ip, updated_from_ip) VALUES ('fa2d8b30-a7d3-5c0d-a374-e8776eb9bce9', '12', 'Pago por Maestría', '1f133314-6b3b-5f31-8355-d54a4ab7402c', '2019-07-21 04:50:45', '2019-07-21 04:50:45', '127.0.0.1', '127.0.0.1');
INSERT INTO nomenclador_rh_causa (id, codigo, nombre, tipocausa_id, date_created, date_updated, created_from_ip, updated_from_ip) VALUES ('eb39d654-3ee1-5dda-bfce-93fa173a0f9f', '13', 'Promoción', '1f133314-6b3b-5f31-8355-d54a4ab7402c', '2019-07-21 04:51:04', '2019-07-21 04:51:04', '127.0.0.1', '127.0.0.1');
INSERT INTO nomenclador_rh_causa (id, codigo, nombre, tipocausa_id, date_created, date_updated, created_from_ip, updated_from_ip) VALUES ('b84cabd2-733b-55cd-9700-3bbd03ac785a', '15', 'Aplicación nueva Estructura', '1f133314-6b3b-5f31-8355-d54a4ab7402c', '2019-07-21 04:52:31', '2019-07-21 04:52:31', '127.0.0.1', '127.0.0.1');
INSERT INTO nomenclador_rh_causa (id, codigo, nombre, tipocausa_id, date_created, date_updated, created_from_ip, updated_from_ip) VALUES ('768c1495-07dd-55e8-8519-5c38d5d03eeb', '17', 'Por aprobación de dispensa salarial', '1f133314-6b3b-5f31-8355-d54a4ab7402c', '2019-07-21 04:53:54', '2019-07-21 04:53:54', '127.0.0.1', '127.0.0.1');
INSERT INTO nomenclador_rh_causa (id, codigo, nombre, tipocausa_id, date_created, date_updated, created_from_ip, updated_from_ip) VALUES ('8ca1ae01-3d91-5abb-8fa6-1002c40eaf74', '16', 'Pago por Categoría Docente', '1f133314-6b3b-5f31-8355-d54a4ab7402c', '2019-07-21 04:52:50', '2019-07-21 04:54:05', '127.0.0.1', '127.0.0.1');
INSERT INTO nomenclador_rh_causa (id, codigo, nombre, tipocausa_id, date_created, date_updated, created_from_ip, updated_from_ip) VALUES ('825180c1-67da-53e7-b3ac-1653e70c04c7', '18', 'Traslado y Suspensión de la relación de trabajo', '1f133314-6b3b-5f31-8355-d54a4ab7402c', '2019-07-21 04:54:50', '2019-07-21 04:54:50', '127.0.0.1', '127.0.0.1');
INSERT INTO nomenclador_rh_causa (id, codigo, nombre, tipocausa_id, date_created, date_updated, created_from_ip, updated_from_ip) VALUES ('780b7c37-1dbc-5994-bdc1-e3f8a75a68fb', '19', 'Vencimiento del Término Fijado en contrato', '0defe8e1-6024-51d1-bbd1-ecea040654e3', '2019-07-21 04:55:18', '2019-07-21 04:55:18', '127.0.0.1', '127.0.0.1');
INSERT INTO nomenclador_rh_causa (id, codigo, nombre, tipocausa_id, date_created, date_updated, created_from_ip, updated_from_ip) VALUES ('b9a8a2d9-b4f4-5697-918f-eadd057082a0', '20', 'Decisión del Consejo de Defensa Nacional ante situ', '484da744-d1d3-5f52-9dc0-d2a4e06d71cd', '2019-07-21 04:55:55', '2019-07-21 04:55:55', '127.0.0.1', '127.0.0.1');
INSERT INTO nomenclador_rh_causa (id, codigo, nombre, tipocausa_id, date_created, date_updated, created_from_ip, updated_from_ip) VALUES ('e8e5c821-aabd-5976-819e-6499a4258846', '14', 'Traslado a otra plaza  o lugar de trabajo de forma provisional o definitiva por interés personal o del empleador', '1f133314-6b3b-5f31-8355-d54a4ab7402c', '2019-07-21 04:52:13', '2019-07-21 05:00:12', '127.0.0.1', '127.0.0.1');
INSERT INTO nomenclador_rh_causa (id, codigo, nombre, tipocausa_id, date_created, date_updated, created_from_ip, updated_from_ip) VALUES ('9c42ed20-72e1-528a-a726-d4fae2a8bcae', '21', 'Licencias no retribuidas por: viajes al exterior por asuntos particulares, o trabajadores con responsabilidades familiares para su atención y cuidado, y para construir o reparar su vivienda por esfuerzo propio', '484da744-d1d3-5f52-9dc0-d2a4e06d71cd', '2019-07-21 05:01:35', '2019-07-21 05:01:35', '127.0.0.1', '127.0.0.1');
INSERT INTO nomenclador_rh_causa (id, codigo, nombre, tipocausa_id, date_created, date_updated, created_from_ip, updated_from_ip) VALUES ('1abc9d7a-5c21-5b35-8c95-09171c154b11', '22', 'Cumplimiento del Servicio Militar Activo, en el caso de los trabajadores contratados por tiempo indeterminado', '484da744-d1d3-5f52-9dc0-d2a4e06d71cd', '2019-07-21 05:03:08', '2019-07-21 05:03:08', '127.0.0.1', '127.0.0.1');
INSERT INTO nomenclador_rh_causa (id, codigo, nombre, tipocausa_id, date_created, date_updated, created_from_ip, updated_from_ip) VALUES ('e79c68c8-0712-5c90-bcf3-361c7d7534bd', '23', 'Estar detenido, sometido a prisión provisional o en el caso de los contratados por tiempo indeterminado estar sancionado a privación de libertad por un período inferior a 6 meses', '484da744-d1d3-5f52-9dc0-d2a4e06d71cd', '2019-07-21 05:03:48', '2019-07-21 05:03:48', '127.0.0.1', '127.0.0.1');
INSERT INTO nomenclador_rh_causa (id, codigo, nombre, tipocausa_id, date_created, date_updated, created_from_ip, updated_from_ip) VALUES ('4b46de7e-ee4b-5b9c-9761-a081b07e9a60', '24', 'Elegido o designado para desempeñar cargos en las organizaciones políticas y de masas o en los órganos del Poder Popular', '484da744-d1d3-5f52-9dc0-d2a4e06d71cd', '2019-07-21 05:04:07', '2019-07-21 05:04:07', '127.0.0.1', '127.0.0.1');
INSERT INTO nomenclador_rh_causa (id, codigo, nombre, tipocausa_id, date_created, date_updated, created_from_ip, updated_from_ip) VALUES ('351a233c-0a32-5d00-abae-b57c9aaf8426', '25', 'Contratado para prestar servicio de asistencia técnica en el exterior, convenios de colaboración o cualquier otra modalidad de colaboración', '484da744-d1d3-5f52-9dc0-d2a4e06d71cd', '2019-07-21 05:04:28', '2019-07-21 05:04:28', '127.0.0.1', '127.0.0.1');
INSERT INTO nomenclador_rh_causa (id, codigo, nombre, tipocausa_id, date_created, date_updated, created_from_ip, updated_from_ip) VALUES ('3ce35927-d65c-5338-b2c7-5ba7cf35ee16', '26', 'Contratado para prestar servicios en organismos internacionales en el exterior y sus cónyuges o familiares acompañantes', '484da744-d1d3-5f52-9dc0-d2a4e06d71cd', '2019-07-21 05:04:45', '2019-07-21 05:04:45', '127.0.0.1', '127.0.0.1');
INSERT INTO nomenclador_rh_causa (id, codigo, nombre, tipocausa_id, date_created, date_updated, created_from_ip, updated_from_ip) VALUES ('69110f23-2f51-5212-ab45-5ee496e52e2a', '27', 'Jubilación', '0defe8e1-6024-51d1-bbd1-ecea040654e3', '2019-07-21 05:05:18', '2019-07-21 05:05:18', '127.0.0.1', '127.0.0.1');
INSERT INTO nomenclador_rh_causa (id, codigo, nombre, tipocausa_id, date_created, date_updated, created_from_ip, updated_from_ip) VALUES ('85063344-c71a-575a-bbb8-d8d78cb4e6af', '28', 'Acuerdo de las partes', '0defe8e1-6024-51d1-bbd1-ecea040654e3', '2019-07-21 05:05:35', '2019-07-21 05:05:35', '127.0.0.1', '127.0.0.1');
INSERT INTO nomenclador_rh_causa (id, codigo, nombre, tipocausa_id, date_created, date_updated, created_from_ip, updated_from_ip) VALUES ('2f6c9f00-bc8c-58a7-a128-1b9c5ff9399c', '29', 'Iniciativa del Empleador', '0defe8e1-6024-51d1-bbd1-ecea040654e3', '2019-07-21 05:05:56', '2019-07-21 05:05:56', '127.0.0.1', '127.0.0.1');
INSERT INTO nomenclador_rh_causa (id, codigo, nombre, tipocausa_id, date_created, date_updated, created_from_ip, updated_from_ip) VALUES ('ac88fafb-8a60-58f1-a1fc-56734de64dd6', '30', 'Iniciativa del Trabajador', '0defe8e1-6024-51d1-bbd1-ecea040654e3', '2019-07-21 05:06:15', '2019-07-21 05:06:15', '127.0.0.1', '127.0.0.1');
INSERT INTO nomenclador_rh_causa (id, codigo, nombre, tipocausa_id, date_created, date_updated, created_from_ip, updated_from_ip) VALUES ('ed60d655-384f-551f-96ce-1a7ba35ac030', '31', 'Liberación del Cargo', '0defe8e1-6024-51d1-bbd1-ecea040654e3', '2019-07-21 05:06:36', '2019-07-21 05:06:36', '127.0.0.1', '127.0.0.1');
INSERT INTO nomenclador_rh_causa (id, codigo, nombre, tipocausa_id, date_created, date_updated, created_from_ip, updated_from_ip) VALUES ('1125bb6f-a5bc-56b6-b774-4a7057e80201', '32', 'No incorporación al término de la suspensión laboral. Artículo 34 Reglamento', '0defe8e1-6024-51d1-bbd1-ecea040654e3', '2019-07-21 05:06:55', '2019-07-21 05:06:55', '127.0.0.1', '127.0.0.1');
INSERT INTO nomenclador_rh_causa (id, codigo, nombre, tipocausa_id, date_created, date_updated, created_from_ip, updated_from_ip) VALUES ('ddae8cbb-bc6f-52fd-a91e-46ae575322d0', '33', 'Cónyuges o familiares acompañantes de los trabajadores designados para cumplir misión en el extranjero, en las misiones diplomáticas y oficinas consulares de Cuba o en las estructuras y representaciones comerciales y empresariales y en otras oficinas', '484da744-d1d3-5f52-9dc0-d2a4e06d71cd', '2019-07-21 05:09:24', '2019-07-21 05:09:24', '127.0.0.1', '127.0.0.1');
INSERT INTO nomenclador_rh_causa (id, codigo, nombre, tipocausa_id, date_created, date_updated, created_from_ip, updated_from_ip) VALUES ('fffbeb6f-21b0-514c-b758-fe293da30d2f', '34', 'Participar en cursos de rehabilitación social y prelaboral impartidos en el Centro Nacional de rehabilitación para ciegos y débiles visuales por un término de hasta 6 meses', '484da744-d1d3-5f52-9dc0-d2a4e06d71cd', '2019-07-21 05:10:05', '2019-07-21 05:10:05', '127.0.0.1', '127.0.0.1');
INSERT INTO nomenclador_rh_causa (id, codigo, nombre, tipocausa_id, date_created, date_updated, created_from_ip, updated_from_ip) VALUES ('b1b1230b-5a46-566b-ad4e-1c32b0a64940', '35', 'Otras legalmente establecidas', '484da744-d1d3-5f52-9dc0-d2a4e06d71cd', '2019-07-21 05:10:35', '2019-07-21 05:10:35', '127.0.0.1', '127.0.0.1');
INSERT INTO nomenclador_rh_causa (id, codigo, nombre, tipocausa_id, date_created, date_updated, created_from_ip, updated_from_ip) VALUES ('f5f82cf0-2645-52a4-9df7-0a11bd495343', '36', 'Fallecimiento', '484da744-d1d3-5f52-9dc0-d2a4e06d71cd', '2019-07-21 05:10:50', '2019-07-21 05:10:50', '127.0.0.1', '127.0.0.1');
INSERT INTO nomenclador_rh_causa (id, codigo, nombre, tipocausa_id, date_created, date_updated, created_from_ip, updated_from_ip) VALUES ('a5791194-5a0a-579f-8961-fe495b0cbc70', '37', 'Separación definitiva', '484da744-d1d3-5f52-9dc0-d2a4e06d71cd', '2019-07-21 05:11:06', '2019-07-21 05:11:06', '127.0.0.1', '127.0.0.1');
INSERT INTO nomenclador_rh_causa (id, codigo, nombre, tipocausa_id, date_created, date_updated, created_from_ip, updated_from_ip) VALUES ('eef3d44a-e58f-59fa-9d9a-ab623880cf1b', '38', 'Disponibles', '484da744-d1d3-5f52-9dc0-d2a4e06d71cd', '2019-07-21 05:11:26', '2019-07-21 05:11:26', '127.0.0.1', '127.0.0.1');
INSERT INTO nomenclador_rh_causa (id, codigo, nombre, tipocausa_id, date_created, date_updated, created_from_ip, updated_from_ip) VALUES ('82e2f1e2-2298-51e9-8cb7-aa8e6bab4829', '39', 'Extinción de la Entidad', '0defe8e1-6024-51d1-bbd1-ecea040654e3', '2019-07-21 05:11:50', '2019-07-21 05:11:50', '127.0.0.1', '127.0.0.1');
INSERT INTO nomenclador_rh_causa (id, codigo, nombre, tipocausa_id, date_created, date_updated, created_from_ip, updated_from_ip) VALUES ('f5a86422-99b9-5937-a783-6361e1896d87', '40', 'Insatisfacción salarial', '0defe8e1-6024-51d1-bbd1-ecea040654e3', '2019-07-21 05:12:05', '2019-07-21 05:12:05', '127.0.0.1', '127.0.0.1');
INSERT INTO nomenclador_rh_causa (id, codigo, nombre, tipocausa_id, date_created, date_updated, created_from_ip, updated_from_ip) VALUES ('d84376fa-0c2a-59ab-a92b-518ab223d1fe', '41', 'Otras', '0defe8e1-6024-51d1-bbd1-ecea040654e3', '2019-07-21 05:12:19', '2019-07-21 05:12:19', '127.0.0.1', '127.0.0.1');
INSERT INTO nomenclador_rh_causa (id, codigo, nombre, tipocausa_id, date_created, date_updated, created_from_ip, updated_from_ip) VALUES ('7a6d712a-b6ad-5fed-89f7-3eb08cde47d8', '42', 'Por sanción laboral', '1f133314-6b3b-5f31-8355-d54a4ab7402c', '2019-07-21 05:12:48', '2019-07-21 05:12:48', '127.0.0.1', '127.0.0.1');

 

--
-- TOC entry 2479 (class 0 OID 49861)
-- Dependencies: 278
-- Data for Name: nomenclador_rh_organizacionpolitica; Type: TABLE DATA; Schema: public; Owner: postgres
--

INSERT INTO nomenclador_rh_organizacionpolitica (id, codigo, nombre, date_created, date_updated, created_from_ip, updated_from_ip) VALUES ('097f75e2-a1a3-5d4a-afd7-0ccf290db591', '01', 'CDR', '2019-07-25 01:19:29', '2019-07-25 01:19:29', '127.0.0.1', '127.0.0.1');
INSERT INTO nomenclador_rh_organizacionpolitica (id, codigo, nombre, date_created, date_updated, created_from_ip, updated_from_ip) VALUES ('9c812aab-80c2-5d89-9623-36904cda60f7', '02', 'FMC', '2019-07-25 01:19:38', '2019-07-25 01:19:38', '127.0.0.1', '127.0.0.1');
INSERT INTO nomenclador_rh_organizacionpolitica (id, codigo, nombre, date_created, date_updated, created_from_ip, updated_from_ip) VALUES ('3c7fc9d5-89c8-5a3d-bddd-be66c902416e', '03', 'UJC', '2019-07-25 01:19:48', '2019-07-25 01:19:48', '127.0.0.1', '127.0.0.1');
INSERT INTO nomenclador_rh_organizacionpolitica (id, codigo, nombre, date_created, date_updated, created_from_ip, updated_from_ip) VALUES ('56ba6673-34eb-5ffa-a652-e961e501c7ba', '04', 'PCC', '2019-07-25 01:19:59', '2019-07-25 01:19:59', '127.0.0.1', '127.0.0.1');


--
-- TOC entry 2475 (class 0 OID 49826)
-- Dependencies: 274
-- Data for Name: nomenclador_rh_pagoadicional; Type: TABLE DATA; Schema: public; Owner: postgres
--

INSERT INTO nomenclador_rh_pagoadicional (id, nombre, abreviatura, date_created, date_updated, created_from_ip, updated_from_ip) VALUES ('1a3deb85-e4a7-5b4e-ab71-5d2f9d83db77', 'Doctorado', 'Doc', '2019-07-23 03:21:21', '2019-07-23 03:21:21', '127.0.0.1', '127.0.0.1');
INSERT INTO nomenclador_rh_pagoadicional (id, nombre, abreviatura, date_created, date_updated, created_from_ip, updated_from_ip) VALUES ('66be6a86-4e29-5a57-9f8a-48c8365d6931', 'Maestria', 'Msc', '2019-07-23 03:21:50', '2019-07-23 03:21:50', '127.0.0.1', '127.0.0.1');
INSERT INTO nomenclador_rh_pagoadicional (id, nombre, abreviatura, date_created, date_updated, created_from_ip, updated_from_ip) VALUES ('9b9cbfbc-0115-515b-b3b7-7e7f0f796bd7', 'Perfeccionamiento', 'PE', '2019-07-23 03:22:18', '2019-07-23 03:22:18', '127.0.0.1', '127.0.0.1');

 
--
-- TOC entry 2477 (class 0 OID 49842)
-- Dependencies: 276
-- Data for Name: nomenclador_rh_regimensalarial; Type: TABLE DATA; Schema: public; Owner: postgres
--

INSERT INTO nomenclador_rh_regimensalarial (id, codigo, nombre, date_created, date_updated, created_from_ip, updated_from_ip) VALUES ('4e526e07-1989-5db1-b7bf-41ad3ab871ff', '01', 'Sueldista', '2019-07-24 03:47:47', '2019-07-24 03:47:47', '127.0.0.1', '127.0.0.1');
INSERT INTO nomenclador_rh_regimensalarial (id, codigo, nombre, date_created, date_updated, created_from_ip, updated_from_ip) VALUES ('8ff573fd-c75a-52cc-b07a-80690163cef3', '02', 'Tarifa Horaria', '2019-07-24 03:48:07', '2019-07-24 03:48:07', '127.0.0.1', '127.0.0.1');
INSERT INTO nomenclador_rh_regimensalarial (id, codigo, nombre, date_created, date_updated, created_from_ip, updated_from_ip) VALUES ('b07e0f45-1660-520a-81f1-72484b65a165', '03', 'Vinculada', '2019-07-24 03:48:18', '2019-07-24 03:48:18', '127.0.0.1', '127.0.0.1');


--
-- TOC entry 2478 (class 0 OID 49853)
-- Dependencies: 277
-- Data for Name: nomenclador_rh_salarioadicional; Type: TABLE DATA; Schema: public; Owner: postgres
--

INSERT INTO nomenclador_rh_salarioadicional (id, codigo, nombre, idoneidad_fijo, idoneidad_movil, porciento_retribuicion_complementaria, date_created, date_updated, created_from_ip, updated_from_ip) VALUES ('291633ac-1a2c-5ce6-9bb6-90d5eecb3853', '01', 'Escala 1', 5, 0, 0, '2019-07-24 23:07:32', '2019-07-24 23:07:55', '127.0.0.1', '127.0.0.1');
INSERT INTO nomenclador_rh_salarioadicional (id, codigo, nombre, idoneidad_fijo, idoneidad_movil, porciento_retribuicion_complementaria, date_created, date_updated, created_from_ip, updated_from_ip) VALUES ('81a48be2-f275-5043-9e0e-f6a9c0a05636', '02', 'Escala 2', 10, 0, 0, '2019-07-24 23:08:08', '2019-07-24 23:08:08', '127.0.0.1', '127.0.0.1');
INSERT INTO nomenclador_rh_salarioadicional (id, codigo, nombre, idoneidad_fijo, idoneidad_movil, porciento_retribuicion_complementaria, date_created, date_updated, created_from_ip, updated_from_ip) VALUES ('6a18d770-1cd4-55a9-b223-b3a26ad021ed', '03', 'Escala 3', 15, 0, 0, '2019-07-24 23:08:27', '2019-07-24 23:08:27', '127.0.0.1', '127.0.0.1');
INSERT INTO nomenclador_rh_salarioadicional (id, codigo, nombre, idoneidad_fijo, idoneidad_movil, porciento_retribuicion_complementaria, date_created, date_updated, created_from_ip, updated_from_ip) VALUES ('cf3fd64d-cc8f-5beb-afd9-d2089e20b1ce', '04', 'Escala 4', 20, 0, 0, '2019-07-24 23:08:39', '2019-07-24 23:08:39', '127.0.0.1', '127.0.0.1');
INSERT INTO nomenclador_rh_salarioadicional (id, codigo, nombre, idoneidad_fijo, idoneidad_movil, porciento_retribuicion_complementaria, date_created, date_updated, created_from_ip, updated_from_ip) VALUES ('4b946247-aef6-59a7-8f34-39991781fb41', '05', 'Escala 5', 25, 0, 0, '2019-07-24 23:09:13', '2019-07-24 23:09:13', '127.0.0.1', '127.0.0.1');
INSERT INTO nomenclador_rh_salarioadicional (id, codigo, nombre, idoneidad_fijo, idoneidad_movil, porciento_retribuicion_complementaria, date_created, date_updated, created_from_ip, updated_from_ip) VALUES ('9c25778e-c8c5-5546-a7f9-d03f81ee5638', '06', 'Escala 6', 30, 0, 0, '2019-07-24 23:09:25', '2019-07-24 23:09:25', '127.0.0.1', '127.0.0.1');
INSERT INTO nomenclador_rh_salarioadicional (id, codigo, nombre, idoneidad_fijo, idoneidad_movil, porciento_retribuicion_complementaria, date_created, date_updated, created_from_ip, updated_from_ip) VALUES ('a7c52e55-a08f-54ee-8a11-356dc00f8938', '07', 'Escala 7', 35, 0, 0, '2019-07-24 23:09:35', '2019-07-24 23:09:35', '127.0.0.1', '127.0.0.1');
INSERT INTO nomenclador_rh_salarioadicional (id, codigo, nombre, idoneidad_fijo, idoneidad_movil, porciento_retribuicion_complementaria, date_created, date_updated, created_from_ip, updated_from_ip) VALUES ('32df6743-8aa1-5604-a16f-d1e2d611beef', '08', 'Escala 8', 40, 0, 0, '2019-07-24 23:09:46', '2019-07-24 23:09:46', '127.0.0.1', '127.0.0.1');
INSERT INTO nomenclador_rh_salarioadicional (id, codigo, nombre, idoneidad_fijo, idoneidad_movil, porciento_retribuicion_complementaria, date_created, date_updated, created_from_ip, updated_from_ip) VALUES ('bf0a29d4-f3fb-5948-b13d-d5c26a207b05', '09', 'Escala 9', 45, 0, 0, '2019-07-24 23:09:55', '2019-07-24 23:09:55', '127.0.0.1', '127.0.0.1');
INSERT INTO nomenclador_rh_salarioadicional (id, codigo, nombre, idoneidad_fijo, idoneidad_movil, porciento_retribuicion_complementaria, date_created, date_updated, created_from_ip, updated_from_ip) VALUES ('0becb8e1-e0fc-5675-b5d2-8c6a404fa6aa', '10', 'Escala 10', 50, 0, 0, '2019-07-24 23:10:06', '2019-07-24 23:10:06', '127.0.0.1', '127.0.0.1');
INSERT INTO nomenclador_rh_salarioadicional (id, codigo, nombre, idoneidad_fijo, idoneidad_movil, porciento_retribuicion_complementaria, date_created, date_updated, created_from_ip, updated_from_ip) VALUES ('618f4ac9-0d06-5bbb-8ece-313d93ae2e96', '11', 'Escala 11', 55, 0, 0, '2019-07-24 23:10:20', '2019-07-24 23:10:20', '127.0.0.1', '127.0.0.1');
INSERT INTO nomenclador_rh_salarioadicional (id, codigo, nombre, idoneidad_fijo, idoneidad_movil, porciento_retribuicion_complementaria, date_created, date_updated, created_from_ip, updated_from_ip) VALUES ('7571830e-c922-5395-887d-6ff0c0e2f7a3', '12', 'Escala 12', 60, 0, 0, '2019-07-24 23:10:31', '2019-07-24 23:10:31', '127.0.0.1', '127.0.0.1');


--
-- TOC entry 2468 (class 0 OID 42137)
-- Dependencies: 267
-- Data for Name: nomenclador_rh_tipocontrato; Type: TABLE DATA; Schema: public; Owner: postgres
--

INSERT INTO nomenclador_rh_tipocontrato (id, codigo, nombre, identificacion, plantilla, liquidar_vacaciones, ms_pago_medida, ms_estimulo_resultado, ms_estimulo_area_economica, excluir_pago_fecha_fin_contrato, date_created, date_updated, created_from_ip, updated_from_ip) VALUES ('f91b09f3-ab6c-5497-b009-581dc64a6630', '03', 'Adiestramiento', 'A', 0, 1, 1, 1, 0, 0, '2019-07-22 23:13:11', '2019-07-22 23:13:11', '127.0.0.1', '127.0.0.1');
INSERT INTO nomenclador_rh_tipocontrato (id, codigo, nombre, identificacion, plantilla, liquidar_vacaciones, ms_pago_medida, ms_estimulo_resultado, ms_estimulo_area_economica, excluir_pago_fecha_fin_contrato, date_created, date_updated, created_from_ip, updated_from_ip) VALUES ('803a55d4-16fe-5087-bc88-972f1c7e423e', '01', 'Determinado', 'D', 1, 0, 1, 0, 0, 0, '2019-07-22 01:39:47', '2019-07-22 23:13:19', '127.0.0.1', '127.0.0.1');
INSERT INTO nomenclador_rh_tipocontrato (id, codigo, nombre, identificacion, plantilla, liquidar_vacaciones, ms_pago_medida, ms_estimulo_resultado, ms_estimulo_area_economica, excluir_pago_fecha_fin_contrato, date_created, date_updated, created_from_ip, updated_from_ip) VALUES ('1b926379-1c9f-5c12-9adb-c8de21bc55ec', '02', 'Indeterminado', 'I', 1, 0, 1, 1, 0, 0, '2019-07-22 01:40:55', '2019-07-22 23:13:30', '127.0.0.1', '127.0.0.1');
INSERT INTO nomenclador_rh_tipocontrato (id, codigo, nombre, identificacion, plantilla, liquidar_vacaciones, ms_pago_medida, ms_estimulo_resultado, ms_estimulo_area_economica, excluir_pago_fecha_fin_contrato, date_created, date_updated, created_from_ip, updated_from_ip) VALUES ('b484e94d-a348-59c9-ba5c-925ba38d4af5', '04', 'A Prueba', 'P', 1, 0, 1, 1, 0, 0, '2019-07-22 23:13:53', '2019-07-22 23:13:53', '127.0.0.1', '127.0.0.1');
INSERT INTO nomenclador_rh_tipocontrato (id, codigo, nombre, identificacion, plantilla, liquidar_vacaciones, ms_pago_medida, ms_estimulo_resultado, ms_estimulo_area_economica, excluir_pago_fecha_fin_contrato, date_created, date_updated, created_from_ip, updated_from_ip) VALUES ('b3769ffd-0145-5822-b6c1-8c3a4dee8926', '05', 'Por Nombramiento', 'N', 0, 0, 0, 0, 0, 0, '2019-07-22 23:14:22', '2019-07-22 23:14:22', '127.0.0.1', '127.0.0.1');
INSERT INTO nomenclador_rh_tipocontrato (id, codigo, nombre, identificacion, plantilla, liquidar_vacaciones, ms_pago_medida, ms_estimulo_resultado, ms_estimulo_area_economica, excluir_pago_fecha_fin_contrato, date_created, date_updated, created_from_ip, updated_from_ip) VALUES ('dd050987-3ad4-5c1b-9060-8268e5d19b82', '06', 'Jubilados MININT y MINFAR ', 'J', 1, 0, 0, 0, 0, 0, '2019-07-22 23:15:04', '2019-07-22 23:15:04', '127.0.0.1', '127.0.0.1');
INSERT INTO nomenclador_rh_tipocontrato (id, codigo, nombre, identificacion, plantilla, liquidar_vacaciones, ms_pago_medida, ms_estimulo_resultado, ms_estimulo_area_economica, excluir_pago_fecha_fin_contrato, date_created, date_updated, created_from_ip, updated_from_ip) VALUES ('2f078b1a-e9cd-5116-acc5-5c91610f4843', '07', 'Irregular', 'R', 1, 0, 0, 0, 0, 0, '2019-07-22 23:15:28', '2019-07-22 23:15:28', '127.0.0.1', '127.0.0.1');


--
-- TOC entry 2473 (class 0 OID 49809)
-- Dependencies: 272
-- Data for Name: nomenclador_rh_tipojefe; Type: TABLE DATA; Schema: public; Owner: postgres
--

INSERT INTO nomenclador_rh_tipojefe (id, codigo, nombre, abreviatura, date_created, date_updated, created_from_ip, updated_from_ip) VALUES ('309207ff-ec4d-5a74-85c7-0f6f99739587', '01', 'Especialista Principal', 'EP', '2019-07-21 20:03:00', '2019-07-21 20:03:00', '127.0.0.1', '127.0.0.1');
INSERT INTO nomenclador_rh_tipojefe (id, codigo, nombre, abreviatura, date_created, date_updated, created_from_ip, updated_from_ip) VALUES ('97f32420-69a6-59dc-b6c0-2dbeaad053c4', '02', 'Jefe de Brigada', 'JB', '2019-07-21 20:03:36', '2019-07-21 20:03:36', '127.0.0.1', '127.0.0.1');
INSERT INTO nomenclador_rh_tipojefe (id, codigo, nombre, abreviatura, date_created, date_updated, created_from_ip, updated_from_ip) VALUES ('c8fc6584-f04d-5443-89eb-e8de0f06a17b', '03', 'Jefe de Equipo', 'JE', '2019-07-21 20:03:52', '2019-07-21 20:03:52', '127.0.0.1', '127.0.0.1');
INSERT INTO nomenclador_rh_tipojefe (id, codigo, nombre, abreviatura, date_created, date_updated, created_from_ip, updated_from_ip) VALUES ('fc5f6e60-3320-539e-9b99-fa058d347de9', '04', 'Jefe de Grupo', 'JG', '2019-07-21 20:04:12', '2019-07-21 20:04:12', '127.0.0.1', '127.0.0.1');
INSERT INTO nomenclador_rh_tipojefe (id, codigo, nombre, abreviatura, date_created, date_updated, created_from_ip, updated_from_ip) VALUES ('2efe1525-bdc4-51e6-b380-86e2c69f192f', '05', 'Jefe de Obras', 'JO', '2019-07-21 20:04:27', '2019-07-21 20:04:27', '127.0.0.1', '127.0.0.1');
INSERT INTO nomenclador_rh_tipojefe (id, codigo, nombre, abreviatura, date_created, date_updated, created_from_ip, updated_from_ip) VALUES ('c62e7f00-dbb7-5ee0-9b75-2c10c6b7df96', '06', 'Jefe de Taller', 'JT', '2019-07-21 20:04:42', '2019-07-21 20:04:42', '127.0.0.1', '127.0.0.1');


--
-- TOC entry 2476 (class 0 OID 49834)
-- Dependencies: 275
-- Data for Name: nomenclador_rh_tipopago; Type: TABLE DATA; Schema: public; Owner: postgres
--

INSERT INTO nomenclador_rh_tipopago (id, codigo, nombre, date_created, date_updated, created_from_ip, updated_from_ip) VALUES ('0aca67d4-4661-56f4-b56e-229fc347f233', '01', 'Primer Pago', '2019-07-24 03:47:12', '2019-07-24 03:47:12', '127.0.0.1', '127.0.0.1');
INSERT INTO nomenclador_rh_tipopago (id, codigo, nombre, date_created, date_updated, created_from_ip, updated_from_ip) VALUES ('0f20ee7f-abc1-53d0-a845-9524052b11b3', '02', 'Segundo Pago', '2019-07-24 03:47:21', '2019-07-24 03:47:21', '127.0.0.1', '127.0.0.1');
INSERT INTO nomenclador_rh_tipopago (id, codigo, nombre, date_created, date_updated, created_from_ip, updated_from_ip) VALUES ('ae2c57d9-13ce-50d8-b377-63601c19edc8', '03', 'Ambos Pagos', '2019-07-24 03:47:33', '2019-07-24 03:47:33', '127.0.0.1', '127.0.0.1');


--
-- TOC entry 2458 (class 0 OID 40092)
-- Dependencies: 256
-- Data for Name: nomenclador_tipocausaausencia; Type: TABLE DATA; Schema: public; Owner: postgres
--

INSERT INTO nomenclador_tipocausaausencia (id, codigo, nombre, descripcion, date_created, date_updated, created_from_ip, updated_from_ip) VALUES ('48c0653a-d2d7-5de8-8124-de5f194dda12', '01', 'Vacaciones', 'Vacaciones', '2019-07-10 22:13:18', '2019-07-10 22:13:18', '127.0.0.1', '127.0.0.1');
INSERT INTO nomenclador_tipocausaausencia (id, codigo, nombre, descripcion, date_created, date_updated, created_from_ip, updated_from_ip) VALUES ('bb8f3e3c-1a40-5968-8f4f-4e4bcf7c0b63', '02', 'Enfermedad', 'Enfermedad', '2019-07-10 22:13:33', '2019-07-10 22:13:33', '127.0.0.1', '127.0.0.1');
INSERT INTO nomenclador_tipocausaausencia (id, codigo, nombre, descripcion, date_created, date_updated, created_from_ip, updated_from_ip) VALUES ('9d4ba67d-f91d-5e2b-a3d4-52122466a8a9', '03', 'Autorizada', 'Autorizada', '2019-07-10 22:13:45', '2019-07-10 22:13:45', '127.0.0.1', '127.0.0.1');
INSERT INTO nomenclador_tipocausaausencia (id, codigo, nombre, descripcion, date_created, date_updated, created_from_ip, updated_from_ip) VALUES ('2950784e-f44e-58e2-ba64-87bd7990f5e7', '04', 'Injustificada', 'Injustificada', '2019-07-10 22:13:59', '2019-07-10 22:13:59', '127.0.0.1', '127.0.0.1');
INSERT INTO nomenclador_tipocausaausencia (id, codigo, nombre, descripcion, date_created, date_updated, created_from_ip, updated_from_ip) VALUES ('a9acb490-bb0f-5258-951b-d64eb6ffa436', '05', 'Licencia de Maternidad', 'Licencia de Maternidad', '2019-07-10 22:14:26', '2019-07-10 22:14:26', '127.0.0.1', '127.0.0.1');
INSERT INTO nomenclador_tipocausaausencia (id, codigo, nombre, descripcion, date_created, date_updated, created_from_ip, updated_from_ip) VALUES ('3c25d37a-204b-5279-9a08-c93d95f147a1', '06', 'Licencia sin Sueldo', 'Licencia sin Sueldo', '2019-07-10 22:14:39', '2019-07-10 22:14:39', '127.0.0.1', '127.0.0.1');
INSERT INTO nomenclador_tipocausaausencia (id, codigo, nombre, descripcion, date_created, date_updated, created_from_ip, updated_from_ip) VALUES ('cdc2a139-a827-5c60-93ae-e706eccad2e5', '07', 'Accidente', 'Accidente', '2019-07-10 22:14:47', '2019-07-10 22:14:47', '127.0.0.1', '127.0.0.1');
INSERT INTO nomenclador_tipocausaausencia (id, codigo, nombre, descripcion, date_created, date_updated, created_from_ip, updated_from_ip) VALUES ('bf171b5a-848e-559e-ade3-a0cd88ecb2b6', '08', 'Interrupción', 'Interrupción', '2019-07-10 22:14:58', '2019-07-10 22:14:58', '127.0.0.1', '127.0.0.1');
INSERT INTO nomenclador_tipocausaausencia (id, codigo, nombre, descripcion, date_created, date_updated, created_from_ip, updated_from_ip) VALUES ('da15bf4a-ac47-59ba-a359-5365789c5305', '09', 'Reubicados en Actividades del Sector', 'Reubicados en Actividades del Sector', '2019-07-10 22:15:11', '2019-07-10 22:15:11', '127.0.0.1', '127.0.0.1');
INSERT INTO nomenclador_tipocausaausencia (id, codigo, nombre, descripcion, date_created, date_updated, created_from_ip, updated_from_ip) VALUES ('ead324e3-108d-54cc-a339-8e2dbb966f5a', '10', 'Reubicados en Otras Actividades', 'Reubicados en Otras Actividades', '2019-07-10 22:15:23', '2019-07-10 22:15:23', '127.0.0.1', '127.0.0.1');
INSERT INTO nomenclador_tipocausaausencia (id, codigo, nombre, descripcion, date_created, date_updated, created_from_ip, updated_from_ip) VALUES ('9133234c-d90b-53ed-a2e1-6970f8556620', '11', 'Interruptos en Cursos', 'Interruptos en Cursos', '2019-07-10 22:15:32', '2019-07-10 22:15:32', '127.0.0.1', '127.0.0.1');
INSERT INTO nomenclador_tipocausaausencia (id, codigo, nombre, descripcion, date_created, date_updated, created_from_ip, updated_from_ip) VALUES ('74e158f3-613f-592a-ad4d-94969a35f386', '12', 'Microbrigada', 'Microbrigada', '2019-07-10 22:15:40', '2019-07-10 22:15:40', '127.0.0.1', '127.0.0.1');
INSERT INTO nomenclador_tipocausaausencia (id, codigo, nombre, descripcion, date_created, date_updated, created_from_ip, updated_from_ip) VALUES ('53aff991-d757-59e1-9ebe-e0d8c8396bd2', '13', 'Estipendio', 'Estipendio', '2019-07-10 22:15:49', '2019-07-10 22:15:49', '127.0.0.1', '127.0.0.1');
INSERT INTO nomenclador_tipocausaausencia (id, codigo, nombre, descripcion, date_created, date_updated, created_from_ip, updated_from_ip) VALUES ('be7de422-9399-5f09-8a68-41fea61994a3', '14', 'Prestación de Servicios', 'Prestación de Servicios', '2019-07-10 22:16:32', '2019-07-10 22:16:32', '127.0.0.1', '127.0.0.1');
INSERT INTO nomenclador_tipocausaausencia (id, codigo, nombre, descripcion, date_created, date_updated, created_from_ip, updated_from_ip) VALUES ('84748e40-b3f0-5025-9064-65865133e46e', '15', 'Misión Internacionalista', 'Misión Internacionalista', '2019-07-10 22:17:12', '2019-07-10 22:17:12', '127.0.0.1', '127.0.0.1');


--
-- TOC entry 2460 (class 0 OID 40129)
-- Dependencies: 258
-- Data for Name: nomenclador_tipocausasubsidio; Type: TABLE DATA; Schema: public; Owner: postgres
--

INSERT INTO nomenclador_tipocausasubsidio (id, codigo, nombre, descripcion, date_created, date_updated, created_from_ip, updated_from_ip) VALUES ('bb8f3e3c-1a40-5968-8f4f-4e4bcf7c0b63', '01', 'Enfermedad', 'Enfermedad', '2019-07-11 14:29:29', '2019-07-11 14:29:29', '127.0.0.1', '127.0.0.1');
INSERT INTO nomenclador_tipocausasubsidio (id, codigo, nombre, descripcion, date_created, date_updated, created_from_ip, updated_from_ip) VALUES ('cdc2a139-a827-5c60-93ae-e706eccad2e5', '02', 'Accidente', 'Accidente', '2019-07-11 14:29:44', '2019-07-11 14:29:44', '127.0.0.1', '127.0.0.1');
INSERT INTO nomenclador_tipocausasubsidio (id, codigo, nombre, descripcion, date_created, date_updated, created_from_ip, updated_from_ip) VALUES ('9858a786-62c2-59b7-9c50-1404ac49c45b', '03', 'Maternidad', 'Maternidad', '2019-07-11 14:29:54', '2019-07-11 14:29:54', '127.0.0.1', '127.0.0.1');
INSERT INTO nomenclador_tipocausasubsidio (id, codigo, nombre, descripcion, date_created, date_updated, created_from_ip, updated_from_ip) VALUES ('5477f149-9172-5b7d-ad3f-b89901e21f0e', '04', 'Prestación Social', 'Prestación Social', '2019-07-11 14:30:04', '2019-07-11 14:30:04', '127.0.0.1', '127.0.0.1');
INSERT INTO nomenclador_tipocausasubsidio (id, codigo, nombre, descripcion, date_created, date_updated, created_from_ip, updated_from_ip) VALUES ('99a6148d-3cda-554a-8ad8-3e2c038a2997', '05', 'Capacidad Disminuida', 'Capacidad Disminuida', '2019-07-11 14:30:14', '2019-07-11 14:30:14', '127.0.0.1', '127.0.0.1');
INSERT INTO nomenclador_tipocausasubsidio (id, codigo, nombre, descripcion, date_created, date_updated, created_from_ip, updated_from_ip) VALUES ('9ecd5877-dea1-5627-bb5f-27619c56db2e', '06', 'Combatientes', 'Combatientes', '2019-07-11 14:30:23', '2019-07-11 14:30:23', '127.0.0.1', '127.0.0.1');
INSERT INTO nomenclador_tipocausasubsidio (id, codigo, nombre, descripcion, date_created, date_updated, created_from_ip, updated_from_ip) VALUES ('e54c6f86-a6e0-5a34-b3b8-f3a3ac9b9e86', '07', 'Consultas Pre/Post Natales', 'Consultas Pre/Post Natales', '2019-07-11 14:30:34', '2019-07-11 14:30:34', '127.0.0.1', '127.0.0.1');
INSERT INTO nomenclador_tipocausasubsidio (id, codigo, nombre, descripcion, date_created, date_updated, created_from_ip, updated_from_ip) VALUES ('8bfc2e14-f7ab-550c-94c3-bde06722f0a9', '08', 'Otras Licencias', 'Otras Licencias', '2019-07-11 14:30:44', '2019-07-11 14:30:44', '127.0.0.1', '127.0.0.1');


 

--
-- TOC entry 2455 (class 0 OID 39878)
-- Dependencies: 250
-- Data for Name: nomenclador_unidadmedida; Type: TABLE DATA; Schema: public; Owner: postgres
--

INSERT INTO nomenclador_unidadmedida (id, nombre, simbolo, valor_si, magnitud_id, descripcion, date_created, date_updated, created_from_ip, updated_from_ip) VALUES ('badd33d8-95af-581b-af17-e789954ae320', 'Unidad astronómica', 'UA', '149 597 870 700 m', 'd057a17f-bd63-509c-b6d3-0d02c8e5d580', 'Distancia media de la Tierra al Sol', '2019-07-08 03:28:48', '2019-07-08 03:28:48', '127.0.0.1', '127.0.0.1');
INSERT INTO nomenclador_unidadmedida (id, nombre, simbolo, valor_si, magnitud_id, descripcion, date_created, date_updated, created_from_ip, updated_from_ip) VALUES ('a8eb31fd-dcb8-5aa3-991d-2ae72cc06ddb', 'Metro', 'm', NULL, 'd057a17f-bd63-509c-b6d3-0d02c8e5d580', NULL, '2019-07-08 03:30:01', '2019-07-08 03:30:01', '127.0.0.1', '127.0.0.1');
INSERT INTO nomenclador_unidadmedida (id, nombre, simbolo, valor_si, magnitud_id, descripcion, date_created, date_updated, created_from_ip, updated_from_ip) VALUES ('77d4d5b9-d706-5b38-a32c-e261f9976d15', 'Kilogramo', 'Kg', NULL, 'f45c3466-b6f2-5e05-af60-f538cc9275c4', NULL, '2019-07-08 03:58:34', '2019-07-08 03:58:34', '127.0.0.1', '127.0.0.1');
INSERT INTO nomenclador_unidadmedida (id, nombre, simbolo, valor_si, magnitud_id, descripcion, date_created, date_updated, created_from_ip, updated_from_ip) VALUES ('c9499ead-1cbb-592b-8250-5ea1afc460c2', 'Segundo', 's', NULL, 'bf4d7003-3d20-5d84-be49-c68bbd3a6b26', NULL, '2019-07-08 03:58:57', '2019-07-08 03:58:57', '127.0.0.1', '127.0.0.1');


--
-- TOC entry 2456 (class 0 OID 40044)
-- Dependencies: 254
-- Data for Name: rh_tipocalendario; Type: TABLE DATA; Schema: public; Owner: postgres
--

INSERT INTO rh_tipocalendario (id, codigo, nombre, dias_laborables, fondo_tiempo_mes, fondo_tiempo_dia, date_created, date_updated, created_from_ip, updated_from_ip) VALUES ('3a740ea4-0de3-5bc5-8fe1-6b20c771d373', '1', '24 horas', 24, 190.600006, 7.94199991, '2019-07-10 03:36:58', '2019-07-10 03:36:58', '127.0.0.1', '127.0.0.1');
INSERT INTO rh_tipocalendario (id, codigo, nombre, dias_laborables, fondo_tiempo_mes, fondo_tiempo_dia, date_created, date_updated, created_from_ip, updated_from_ip) VALUES ('e8b31cde-e827-5982-9351-2bbc3e283916', '2', '24 horas y 8 horas', 24, 190.600006, 8, '2019-07-10 03:37:45', '2019-07-10 03:37:45', '127.0.0.1', '127.0.0.1');


--
-- TOC entry 2457 (class 0 OID 40070)
-- Dependencies: 255
-- Data for Name: rh_calendario; Type: TABLE DATA; Schema: public; Owner: postgres
--

INSERT INTO rh_calendario (id, tipocalendario_id, nombre, ano, descripcion, dias_feriados_enero, primera_quincena_enero, segunda_quincena_enero, domingos_enero, mes_enero, "datefield-5304-inputEl", dias_feriados_febrero, primera_quincena_febrero, segunda_quincena_febrero, domingos_febrero, mes_febrero, "datefield-5313-inputEl", dias_feriados_marzo, primera_quincena_marzo, segunda_quincena_marzo, domingos_marzo, mes_marzo, "datefield-5322-inputEl", dias_feriados_abril, primera_quincena_abril, segunda_quincena_abril, domingos_abril, mes_abril, "datefield-5331-inputEl", dias_feriados_mayo, primera_quincena_mayo, segunda_quincena_mayo, domingos_mayo, mes_mayo, "datefield-5340-inputEl", dias_feriados_junio, primera_quincena_junio, segunda_quincena_junio, domingos_junio, mes_junio, "datefield-5349-inputEl", dias_feriados_julio, primera_quincena_julio, segunda_quincena_julio, domingos_julio, mes_julio, "datefield-5358-inputEl", dias_feriados_agosto, primera_quincena_agosto, segunda_quincena_agosto, domingos_agosto, "datefield-5367-inputEl", dias_feriados_septiembre, primera_quincena_septiembre, segunda_quincena_septiembre, domingos_septiembre, mes_septiembre, "datefield-5376-inputEl", dias_feriados_octubre, primera_quincena_octubre, segunda_quincena_octubre, domingos_octubre, mes_octubre, "datefield-5385-inputEl", dias_feriados_noviembre, primera_quincena_noviembre, segunda_quincena_noviembre, domingos_noviembre, mes_noviembre, "datefield-5394-inputEl", dias_feriados_diciembre, primera_quincena_diciembre, segunda_quincena_diciembre, domingos_diciembre, mes_diciembre, "datefield-5403-inputEl", date_created, date_updated, created_from_ip, updated_from_ip) VALUES ('872f6246-d7e6-59b8-9063-2f82420da4fd', 'e8b31cde-e827-5982-9351-2bbc3e283916', 'No Laboral', 2019, 'Calendario 2019', 2, 2, 0, 4, '18888', NULL, 0, 0, 0, 4, '2', NULL, 0, 0, 0, 4, '3', NULL, 0, 0, 0, 4, '4', NULL, 1, 1, 0, 4, '5', NULL, 0, 0, 0, 4, '6', NULL, 2, 0, 2, 4, '7', NULL, 0, 0, 0, 4, NULL, 1, 0, 1, 4, '9', NULL, 1, 1, 0, 4, '10', NULL, 0, 0, 0, 4, '11', NULL, 2, 0, 2, 4, '12', NULL, '2019-07-10 19:25:16', '2019-07-10 19:27:43', '127.0.0.1', '127.0.0.1');


--
-- TOC entry 2461 (class 0 OID 40139)
-- Dependencies: 259
-- Data for Name: rh_claveausencia; Type: TABLE DATA; Schema: public; Owner: postgres
--

INSERT INTO rh_claveausencia (id, tipocausaausencia_id, apagarpor_id, codigo, nombre, deducible, no_acumala_vacaciones_dias_importe, afecta_subsidio, afecta_tarjeta_dias_importe, afecta_evaluacion, afecta_estimulo, afecta_reporte_ausencia, afecta_promedio_total_trab, fondo_tiempo, date_created, date_updated, created_from_ip, updated_from_ip) VALUES ('743f5208-788b-54a7-aa25-69f0c4af1223', '9d4ba67d-f91d-5e2b-a3d4-52122466a8a9', NULL, '01', 'Movilización Agricola', 0, 0, 0, 0, 0, 0, 0, 0, 0, '2019-07-13 15:47:57', '2019-07-13 15:47:57', '127.0.0.1', '127.0.0.1');
INSERT INTO rh_claveausencia (id, tipocausaausencia_id, apagarpor_id, codigo, nombre, deducible, no_acumala_vacaciones_dias_importe, afecta_subsidio, afecta_tarjeta_dias_importe, afecta_evaluacion, afecta_estimulo, afecta_reporte_ausencia, afecta_promedio_total_trab, fondo_tiempo, date_created, date_updated, created_from_ip, updated_from_ip) VALUES ('e9eff244-8c3e-546e-b9db-4e9073df6f45', '9d4ba67d-f91d-5e2b-a3d4-52122466a8a9', NULL, '02', 'Citación Militar y Judicial', 0, 0, 0, 0, 0, 0, 0, 0, 0, '2019-07-13 15:46:15', '2019-07-13 15:53:21', '127.0.0.1', '127.0.0.1');


--
-- TOC entry 2462 (class 0 OID 40159)
-- Dependencies: 260
-- Data for Name: rh_claveimpuntualidad; Type: TABLE DATA; Schema: public; Owner: postgres
--

INSERT INTO rh_claveimpuntualidad (id, codigo, nombre, justificada, date_created, date_updated, created_from_ip, updated_from_ip) VALUES ('b9d89cd7-c3a2-5682-9a64-4bcc04a2bb34', '01', 'Llegada Tarde', 0, '2019-07-13 15:58:50', '2019-07-13 15:58:50', '127.0.0.1', '127.0.0.1');
INSERT INTO rh_claveimpuntualidad (id, codigo, nombre, justificada, date_created, date_updated, created_from_ip, updated_from_ip) VALUES ('7102e012-94f6-5caf-bb39-14972ee2a2b7', '02', 'Salida antes de hora', 0, '2019-07-13 15:59:29', '2019-07-13 15:59:29', '127.0.0.1', '127.0.0.1');
INSERT INTO rh_claveimpuntualidad (id, codigo, nombre, justificada, date_created, date_updated, created_from_ip, updated_from_ip) VALUES ('07ecedd5-d0d1-55a3-8375-07a69e781998', '03', 'Interrupción Trabajo', 1, '2019-07-13 16:00:20', '2019-07-13 16:00:20', '127.0.0.1', '127.0.0.1');


  
